Symbol,Start,End,Permutation,Elliotticity
$BTC-USD@GDAX_MTGOX,2010-07-18,2012-07-23,0,22.0289
$BTC-USD@GDAX_MTGOX,2010-07-18,2012-07-23,1,18.9819
$BTC-USD@GDAX_MTGOX,2010-07-18,2012-07-23,2,18.1672
$BTC-USD@GDAX_MTGOX,2010-07-18,2012-07-23,3,11.846
$BTC-USD@GDAX_MTGOX,2010-07-18,2012-07-23,4,17.7855
$BTC-USD@GDAX_MTGOX,2010-07-18,2012-07-23,5,21.8898
$BTC-USD@GDAX_MTGOX,2010-07-18,2012-07-23,6,13.9511
$BTC-USD@GDAX_MTGOX,2010-07-18,2012-07-23,7,15.4675
$BTC-USD@GDAX_MTGOX,2010-07-18,2012-07-23,8,21.6129
$BTC-USD@GDAX_MTGOX,2010-07-18,2012-07-23,9,17.1638
$BTC-USD@GDAX_MTGOX,2010-07-18,2012-07-23,10,11.7261
$BTC-USD@GDAX_MTGOX,2012-07-23,2014-07-23,0,25.7014
$BTC-USD@GDAX_MTGOX,2012-07-23,2014-07-23,1,20.83
$BTC-USD@GDAX_MTGOX,2012-07-23,2014-07-23,2,24.5474
$BTC-USD@GDAX_MTGOX,2012-07-23,2014-07-23,3,10.5732
$BTC-USD@GDAX_MTGOX,2012-07-23,2014-07-23,4,19.4196
$BTC-USD@GDAX_MTGOX,2012-07-23,2014-07-23,5,19.3955
$BTC-USD@GDAX_MTGOX,2012-07-23,2014-07-23,6,12.3336
$BTC-USD@GDAX_MTGOX,2012-07-23,2014-07-23,7,11.7399
$BTC-USD@GDAX_MTGOX,2012-07-23,2014-07-23,8,18.0259
$BTC-USD@GDAX_MTGOX,2012-07-23,2014-07-23,9,22.2174
$BTC-USD@GDAX_MTGOX,2012-07-23,2014-07-23,10,18.1385
$BTC-USD@GDAX_MTGOX,2014-07-23,2016-07-26,0,23.5452
$BTC-USD@GDAX_MTGOX,2014-07-23,2016-07-26,1,27.097
$BTC-USD@GDAX_MTGOX,2014-07-23,2016-07-26,2,12.7628
$BTC-USD@GDAX_MTGOX,2014-07-23,2016-07-26,3,18.0655
$BTC-USD@GDAX_MTGOX,2014-07-23,2016-07-26,4,19.2074
$BTC-USD@GDAX_MTGOX,2014-07-23,2016-07-26,5,24.4182
$BTC-USD@GDAX_MTGOX,2014-07-23,2016-07-26,6,24.8164
$BTC-USD@GDAX_MTGOX,2014-07-23,2016-07-26,7,23.6429
$BTC-USD@GDAX_MTGOX,2014-07-23,2016-07-26,8,26.537
$BTC-USD@GDAX_MTGOX,2014-07-23,2016-07-26,9,22.385
$BTC-USD@GDAX_MTGOX,2014-07-23,2016-07-26,10,20.7047
$BTC-USD@GDAX_MTGOX,2016-07-26,2018-07-26,0,35.8601
$BTC-USD@GDAX_MTGOX,2016-07-26,2018-07-26,1,16.3368
$BTC-USD@GDAX_MTGOX,2016-07-26,2018-07-26,2,21.136
$BTC-USD@GDAX_MTGOX,2016-07-26,2018-07-26,3,21.3606
$BTC-USD@GDAX_MTGOX,2016-07-26,2018-07-26,4,24.5584
$BTC-USD@GDAX_MTGOX,2016-07-26,2018-07-26,5,22.0108
$BTC-USD@GDAX_MTGOX,2016-07-26,2018-07-26,6,24.9053
$BTC-USD@GDAX_MTGOX,2016-07-26,2018-07-26,7,22.9042
$BTC-USD@GDAX_MTGOX,2016-07-26,2018-07-26,8,21.4575
$BTC-USD@GDAX_MTGOX,2016-07-26,2018-07-26,9,25.0267
$BTC-USD@GDAX_MTGOX,2016-07-26,2018-07-26,10,22.5861
$BTC-USD@GDAX_MTGOX,2018-07-26,2020-07-27,0,28.9359
$BTC-USD@GDAX_MTGOX,2018-07-26,2020-07-27,1,17.9366
$BTC-USD@GDAX_MTGOX,2018-07-26,2020-07-27,2,24.5538
$BTC-USD@GDAX_MTGOX,2018-07-26,2020-07-27,3,21.2196
$BTC-USD@GDAX_MTGOX,2018-07-26,2020-07-27,4,19.0147
$BTC-USD@GDAX_MTGOX,2018-07-26,2020-07-27,5,26.866
$BTC-USD@GDAX_MTGOX,2018-07-26,2020-07-27,6,16.0135
$BTC-USD@GDAX_MTGOX,2018-07-26,2020-07-27,7,21.2559
$BTC-USD@GDAX_MTGOX,2018-07-26,2020-07-27,8,26.2521
$BTC-USD@GDAX_MTGOX,2018-07-26,2020-07-27,9,18.3335
$BTC-USD@GDAX_MTGOX,2018-07-26,2020-07-27,10,23.5043
$BTC-USD@GDAX_MTGOX,2020-07-27,2022-07-27,0,35.6479
$BTC-USD@GDAX_MTGOX,2020-07-27,2022-07-27,1,20.9533
$BTC-USD@GDAX_MTGOX,2020-07-27,2022-07-27,2,22.5875
$BTC-USD@GDAX_MTGOX,2020-07-27,2022-07-27,3,22.4565
$BTC-USD@GDAX_MTGOX,2020-07-27,2022-07-27,4,27.6538
$BTC-USD@GDAX_MTGOX,2020-07-27,2022-07-27,5,28.2055
$BTC-USD@GDAX_MTGOX,2020-07-27,2022-07-27,6,24.8705
$BTC-USD@GDAX_MTGOX,2020-07-27,2022-07-27,7,25.4874
$BTC-USD@GDAX_MTGOX,2020-07-27,2022-07-27,8,24.2346
$BTC-USD@GDAX_MTGOX,2020-07-27,2022-07-27,9,28.1169
$BTC-USD@GDAX_MTGOX,2020-07-27,2022-07-27,10,25.0919
$DJIA,1914-12-14,1916-12-14,0,19.0087
$DJIA,1914-12-14,1916-12-14,1,23.5606
$DJIA,1914-12-14,1916-12-14,2,25.0671
$DJIA,1914-12-14,1916-12-14,3,20.2115
$DJIA,1914-12-14,1916-12-14,4,23.1733
$DJIA,1914-12-14,1916-12-14,5,28.1263
$DJIA,1914-12-14,1916-12-14,6,26.6298
$DJIA,1914-12-14,1916-12-14,7,27.2593
$DJIA,1914-12-14,1916-12-14,8,16.1647
$DJIA,1914-12-14,1916-12-14,9,20.9262
$DJIA,1914-12-14,1916-12-14,10,19.4403
$DJIA,1916-12-14,1918-12-28,0,20.6964
$DJIA,1916-12-14,1918-12-28,1,37.2939
$DJIA,1916-12-14,1918-12-28,2,20.7346
$DJIA,1916-12-14,1918-12-28,3,26.2116
$DJIA,1916-12-14,1918-12-28,4,25.1927
$DJIA,1916-12-14,1918-12-28,5,26.2276
$DJIA,1916-12-14,1918-12-28,6,29.2195
$DJIA,1916-12-14,1918-12-28,7,14.7896
$DJIA,1916-12-14,1918-12-28,8,33.2573
$DJIA,1916-12-14,1918-12-28,9,26.0313
$DJIA,1916-12-14,1918-12-28,10,28.2058
$DJIA,1918-12-30,1921-01-04,0,24.2248
$DJIA,1918-12-30,1921-01-04,1,28.6286
$DJIA,1918-12-30,1921-01-04,2,23.7323
$DJIA,1918-12-30,1921-01-04,3,22.4898
$DJIA,1918-12-30,1921-01-04,4,25.4656
$DJIA,1918-12-30,1921-01-04,5,34.6101
$DJIA,1918-12-30,1921-01-04,6,26.0029
$DJIA,1918-12-30,1921-01-04,7,31.3331
$DJIA,1918-12-30,1921-01-04,8,16.6924
$DJIA,1918-12-30,1921-01-04,9,26.9437
$DJIA,1918-12-30,1921-01-04,10,27.9425
$DJIA,1921-01-04,1923-01-10,0,35.7039
$DJIA,1921-01-04,1923-01-10,1,25.5103
$DJIA,1921-01-04,1923-01-10,2,28.4546
$DJIA,1921-01-04,1923-01-10,3,26.639
$DJIA,1921-01-04,1923-01-10,4,33.7672
$DJIA,1921-01-04,1923-01-10,5,24.0559
$DJIA,1921-01-04,1923-01-10,6,31.4705
$DJIA,1921-01-04,1923-01-10,7,27.5785
$DJIA,1921-01-04,1923-01-10,8,13.4514
$DJIA,1921-01-04,1923-01-10,9,22.3591
$DJIA,1921-01-04,1923-01-10,10,27.6005
$DJIA,1923-01-10,1925-01-17,0,15.7191
$DJIA,1923-01-10,1925-01-17,1,28.2478
$DJIA,1923-01-10,1925-01-17,2,23.4402
$DJIA,1923-01-10,1925-01-17,3,19.7638
$DJIA,1923-01-10,1925-01-17,4,26.3072
$DJIA,1923-01-10,1925-01-17,5,21.712
$DJIA,1923-01-10,1925-01-17,6,22.6243
$DJIA,1923-01-10,1925-01-17,7,27.7758
$DJIA,1923-01-10,1925-01-17,8,22.7664
$DJIA,1923-01-10,1925-01-17,9,32.6102
$DJIA,1923-01-10,1925-01-17,10,22.8039
$DJIA,1925-01-19,1927-01-19,0,30.4911
$DJIA,1925-01-19,1927-01-19,1,22.2505
$DJIA,1925-01-19,1927-01-19,2,27.5501
$DJIA,1925-01-19,1927-01-19,3,24.6009
$DJIA,1925-01-19,1927-01-19,4,20.0559
$DJIA,1925-01-19,1927-01-19,5,24.6267
$DJIA,1925-01-19,1927-01-19,6,23.1238
$DJIA,1925-01-19,1927-01-19,7,26.1875
$DJIA,1925-01-19,1927-01-19,8,28.7176
$DJIA,1925-01-19,1927-01-19,9,19.2185
$DJIA,1925-01-19,1927-01-19,10,31.3997
$DJIA,1927-01-19,1929-01-24,0,32.1101
$DJIA,1927-01-19,1929-01-24,1,24.1503
$DJIA,1927-01-19,1929-01-24,2,23.4564
$DJIA,1927-01-19,1929-01-24,3,26.1633
$DJIA,1927-01-19,1929-01-24,4,24.6538
$DJIA,1927-01-19,1929-01-24,5,22.1234
$DJIA,1927-01-19,1929-01-24,6,28.6772
$DJIA,1927-01-19,1929-01-24,7,1.1774
$DJIA,1927-01-19,1929-01-24,8,18.8109
$DJIA,1927-01-19,1929-01-24,9,15.3789
$DJIA,1927-01-19,1929-01-24,10,19.7424
$DJIA,1929-01-24,1931-01-30,0,36.0308
$DJIA,1929-01-24,1931-01-30,1,28.0857
$DJIA,1929-01-24,1931-01-30,2,34.5295
$DJIA,1929-01-24,1931-01-30,3,29.0932
$DJIA,1929-01-24,1931-01-30,4,32.1986
$DJIA,1929-01-24,1931-01-30,5,29.2416
$DJIA,1929-01-24,1931-01-30,6,25.2376
$DJIA,1929-01-24,1931-01-30,7,28.7625
$DJIA,1929-01-24,1931-01-30,8,22.2164
$DJIA,1929-01-24,1931-01-30,9,25.1554
$DJIA,1929-01-24,1931-01-30,10,14.9237
$DJIA,1931-01-30,1933-02-02,0,37.5854
$DJIA,1931-01-30,1933-02-02,1,21.571
$DJIA,1931-01-30,1933-02-02,2,26.5771
$DJIA,1931-01-30,1933-02-02,3,28.2912
$DJIA,1931-01-30,1933-02-02,4,24.805
$DJIA,1931-01-30,1933-02-02,5,24.3699
$DJIA,1931-01-30,1933-02-02,6,28.5303
$DJIA,1931-01-30,1933-02-02,7,19.5388
$DJIA,1931-01-30,1933-02-02,8,21.6593
$DJIA,1931-01-30,1933-02-02,9,28.2567
$DJIA,1931-01-30,1933-02-02,10,27.6714
$DJIA,1933-02-02,1935-02-21,0,34.7321
$DJIA,1933-02-02,1935-02-21,1,22.4692
$DJIA,1933-02-02,1935-02-21,2,25.2167
$DJIA,1933-02-02,1935-02-21,3,26.688
$DJIA,1933-02-02,1935-02-21,4,23.9947
$DJIA,1933-02-02,1935-02-21,5,21.7478
$DJIA,1933-02-02,1935-02-21,6,31.4676
$DJIA,1933-02-02,1935-02-21,7,28.0433
$DJIA,1933-02-02,1935-02-21,8,24.6361
$DJIA,1933-02-02,1935-02-21,9,29.6755
$DJIA,1933-02-02,1935-02-21,10,27.3203
$DJIA,1935-02-21,1937-02-25,0,39.3328
$DJIA,1935-02-21,1937-02-25,1,32.6698
$DJIA,1935-02-21,1937-02-25,2,24.6189
$DJIA,1935-02-21,1937-02-25,3,25.2101
$DJIA,1935-02-21,1937-02-25,4,30.131
$DJIA,1935-02-21,1937-02-25,5,21.7916
$DJIA,1935-02-21,1937-02-25,6,24.8866
$DJIA,1935-02-21,1937-02-25,7,25.4759
$DJIA,1935-02-21,1937-02-25,8,19.919
$DJIA,1935-02-21,1937-02-25,9,32.1475
$DJIA,1935-02-21,1937-02-25,10,24.9689
$DJIA,1937-02-25,1939-03-02,0,30.0805
$DJIA,1937-02-25,1939-03-02,1,22.4448
$DJIA,1937-02-25,1939-03-02,2,24.3287
$DJIA,1937-02-25,1939-03-02,3,29.6974
$DJIA,1937-02-25,1939-03-02,4,23.2908
$DJIA,1937-02-25,1939-03-02,5,27.3313
$DJIA,1937-02-25,1939-03-02,6,23.1988
$DJIA,1937-02-25,1939-03-02,7,23.7509
$DJIA,1937-02-25,1939-03-02,8,26.4431
$DJIA,1937-02-25,1939-03-02,9,25.5567
$DJIA,1937-02-25,1939-03-02,10,21.782
$DJIA,1939-03-02,1941-03-06,0,25.0454
$DJIA,1939-03-02,1941-03-06,1,15.3732
$DJIA,1939-03-02,1941-03-06,2,31.3054
$DJIA,1939-03-02,1941-03-06,3,24.8919
$DJIA,1939-03-02,1941-03-06,4,23.6558
$DJIA,1939-03-02,1941-03-06,5,22.6126
$DJIA,1939-03-02,1941-03-06,6,25.2007
$DJIA,1939-03-02,1941-03-06,7,31.2147
$DJIA,1939-03-02,1941-03-06,8,23.3304
$DJIA,1939-03-02,1941-03-06,9,22.2001
$DJIA,1939-03-02,1941-03-06,10,24.2077
$DJIA,1941-03-06,1943-03-12,0,35.3782
$DJIA,1941-03-06,1943-03-12,1,28.1201
$DJIA,1941-03-06,1943-03-12,2,32.4524
$DJIA,1941-03-06,1943-03-12,3,30.7139
$DJIA,1941-03-06,1943-03-12,4,25.3917
$DJIA,1941-03-06,1943-03-12,5,23.5805
$DJIA,1941-03-06,1943-03-12,6,27.8419
$DJIA,1941-03-06,1943-03-12,7,24.7264
$DJIA,1941-03-06,1943-03-12,8,26.4406
$DJIA,1941-03-06,1943-03-12,9,31.2514
$DJIA,1941-03-06,1943-03-12,10,23.248
$DJIA,1943-03-12,1945-03-15,0,31.1408
$DJIA,1943-03-12,1945-03-15,1,26.8405
$DJIA,1943-03-12,1945-03-15,2,32.9587
$DJIA,1943-03-12,1945-03-15,3,23.9482
$DJIA,1943-03-12,1945-03-15,4,27.6133
$DJIA,1943-03-12,1945-03-15,5,25.573
$DJIA,1943-03-12,1945-03-15,6,23.1939
$DJIA,1943-03-12,1945-03-15,7,33.318
$DJIA,1943-03-12,1945-03-15,8,29.0456
$DJIA,1943-03-12,1945-03-15,9,30.7928
$DJIA,1943-03-12,1945-03-15,10,24.4259
$DJIA,1945-03-15,1947-03-26,0,30.888
$DJIA,1945-03-15,1947-03-26,1,23.1802
$DJIA,1945-03-15,1947-03-26,2,32.14
$DJIA,1945-03-15,1947-03-26,3,23.4989
$DJIA,1945-03-15,1947-03-26,4,29.9281
$DJIA,1945-03-15,1947-03-26,5,26.8908
$DJIA,1945-03-15,1947-03-26,6,27.2462
$DJIA,1945-03-15,1947-03-26,7,25.5802
$DJIA,1945-03-15,1947-03-26,8,22.8509
$DJIA,1945-03-15,1947-03-26,9,23.4933
$DJIA,1945-03-15,1947-03-26,10,21.4613
$DJIA,1947-03-26,1949-03-30,0,36.0415
$DJIA,1947-03-26,1949-03-30,1,26.7321
$DJIA,1947-03-26,1949-03-30,2,20.1788
$DJIA,1947-03-26,1949-03-30,3,28.2677
$DJIA,1947-03-26,1949-03-30,4,26.0498
$DJIA,1947-03-26,1949-03-30,5,27.3208
$DJIA,1947-03-26,1949-03-30,6,26.3205
$DJIA,1947-03-26,1949-03-30,7,28.4315
$DJIA,1947-03-26,1949-03-30,8,32.8653
$DJIA,1947-03-26,1949-03-30,9,31.0605
$DJIA,1947-03-26,1949-03-30,10,27.6729
$DJIA,1949-03-30,1951-04-07,0,37.5937
$DJIA,1949-03-30,1951-04-07,1,27.8321
$DJIA,1949-03-30,1951-04-07,2,21.1513
$DJIA,1949-03-30,1951-04-07,3,27.1563
$DJIA,1949-03-30,1951-04-07,4,31.5572
$DJIA,1949-03-30,1951-04-07,5,22.4658
$DJIA,1949-03-30,1951-04-07,6,27.591
$DJIA,1949-03-30,1951-04-07,7,29.3391
$DJIA,1949-03-30,1951-04-07,8,30.9504
$DJIA,1949-03-30,1951-04-07,9,28.0525
$DJIA,1949-03-30,1951-04-07,10,28.881
$DJIA,1951-04-09,1953-04-16,0,36.4772
$DJIA,1951-04-09,1953-04-16,1,24.4275
$DJIA,1951-04-09,1953-04-16,2,25.7475
$DJIA,1951-04-09,1953-04-16,3,26.6354
$DJIA,1951-04-09,1953-04-16,4,22.6144
$DJIA,1951-04-09,1953-04-16,5,26.7038
$DJIA,1951-04-09,1953-04-16,6,27.7538
$DJIA,1951-04-09,1953-04-16,7,28.657
$DJIA,1951-04-09,1953-04-16,8,15.5351
$DJIA,1951-04-09,1953-04-16,9,33.6649
$DJIA,1951-04-09,1953-04-16,10,27.0457
$DJIA,1953-04-16,1955-04-15,0,39.1501
$DJIA,1953-04-16,1955-04-15,1,27.4837
$DJIA,1953-04-16,1955-04-15,2,34.2941
$DJIA,1953-04-16,1955-04-15,3,33.1804
$DJIA,1953-04-16,1955-04-15,4,28.6375
$DJIA,1953-04-16,1955-04-15,5,29.9788
$DJIA,1953-04-16,1955-04-15,6,26.8283
$DJIA,1953-04-16,1955-04-15,7,27.497
$DJIA,1953-04-16,1955-04-15,8,31.9509
$DJIA,1953-04-16,1955-04-15,9,22.3798
$DJIA,1953-04-16,1955-04-15,10,26.9517
$DJIA,1955-04-15,1957-04-16,0,19.9455
$DJIA,1955-04-15,1957-04-16,1,24.4674
$DJIA,1955-04-15,1957-04-16,2,19.6233
$DJIA,1955-04-15,1957-04-16,3,29.6292
$DJIA,1955-04-15,1957-04-16,4,26.6432
$DJIA,1955-04-15,1957-04-16,5,28.3006
$DJIA,1955-04-15,1957-04-16,6,24.4854
$DJIA,1955-04-15,1957-04-16,7,22.0468
$DJIA,1955-04-15,1957-04-16,8,24.4684
$DJIA,1955-04-15,1957-04-16,9,31.0013
$DJIA,1955-04-15,1957-04-16,10,27.1943
$DJIA,1957-04-16,1959-04-17,0,38.767
$DJIA,1957-04-16,1959-04-17,1,31.9182
$DJIA,1957-04-16,1959-04-17,2,20.6046
$DJIA,1957-04-16,1959-04-17,3,27.9166
$DJIA,1957-04-16,1959-04-17,4,32.0126
$DJIA,1957-04-16,1959-04-17,5,28.4441
$DJIA,1957-04-16,1959-04-17,6,24.3703
$DJIA,1957-04-16,1959-04-17,7,33.6752
$DJIA,1957-04-16,1959-04-17,8,18.8476
$DJIA,1957-04-16,1959-04-17,9,32.5559
$DJIA,1957-04-16,1959-04-17,10,29.3795
$DJIA,1959-04-17,1961-04-15,0,44.6995
$DJIA,1959-04-17,1961-04-15,1,25.5994
$DJIA,1959-04-17,1961-04-15,2,21.0802
$DJIA,1959-04-17,1961-04-15,3,26.6414
$DJIA,1959-04-17,1961-04-15,4,24.4378
$DJIA,1959-04-17,1961-04-15,5,29.9947
$DJIA,1959-04-17,1961-04-15,6,27.2305
$DJIA,1959-04-17,1961-04-15,7,31.68
$DJIA,1959-04-17,1961-04-15,8,30.1506
$DJIA,1959-04-17,1961-04-15,9,26.0123
$DJIA,1959-04-17,1961-04-15,10,30.3267
$DJIA,1961-04-17,1963-04-18,0,29.9343
$DJIA,1961-04-17,1963-04-18,1,29.703
$DJIA,1961-04-17,1963-04-18,2,26.5472
$DJIA,1961-04-17,1963-04-18,3,27.8511
$DJIA,1961-04-17,1963-04-18,4,24.3142
$DJIA,1961-04-17,1963-04-18,5,25.2783
$DJIA,1961-04-17,1963-04-18,6,36.2381
$DJIA,1961-04-17,1963-04-18,7,20.6156
$DJIA,1961-04-17,1963-04-18,8,30.0556
$DJIA,1961-04-17,1963-04-18,9,22.0306
$DJIA,1961-04-17,1963-04-18,10,28.5397
$DJIA,1963-04-18,1965-04-20,0,41.1634
$DJIA,1963-04-18,1965-04-20,1,27.0482
$DJIA,1963-04-18,1965-04-20,2,25.7419
$DJIA,1963-04-18,1965-04-20,3,29.6783
$DJIA,1963-04-18,1965-04-20,4,28.7015
$DJIA,1963-04-18,1965-04-20,5,30.5737
$DJIA,1963-04-18,1965-04-20,6,28.7786
$DJIA,1963-04-18,1965-04-20,7,24.3385
$DJIA,1963-04-18,1965-04-20,8,33.1578
$DJIA,1963-04-18,1965-04-20,9,21.1228
$DJIA,1963-04-18,1965-04-20,10,31.9062
$DJIA,1965-04-20,1967-04-19,0,36.9853
$DJIA,1965-04-20,1967-04-19,1,24.4537
$DJIA,1965-04-20,1967-04-19,2,33.707
$DJIA,1965-04-20,1967-04-19,3,33.2589
$DJIA,1965-04-20,1967-04-19,4,19.9865
$DJIA,1965-04-20,1967-04-19,5,24.1703
$DJIA,1965-04-20,1967-04-19,6,30.1927
$DJIA,1965-04-20,1967-04-19,7,22.2042
$DJIA,1965-04-20,1967-04-19,8,32.858
$DJIA,1965-04-20,1967-04-19,9,26.9891
$DJIA,1965-04-20,1967-04-19,10,26.9932
$DJIA,1967-04-19,1969-05-29,0,37.7708
$DJIA,1967-04-19,1969-05-29,1,31.4981
$DJIA,1967-04-19,1969-05-29,2,29.7733
$DJIA,1967-04-19,1969-05-29,3,22.1371
$DJIA,1967-04-19,1969-05-29,4,33.7247
$DJIA,1967-04-19,1969-05-29,5,24.7935
$DJIA,1967-04-19,1969-05-29,6,18.5316
$DJIA,1967-04-19,1969-05-29,7,31.0263
$DJIA,1967-04-19,1969-05-29,8,25.5314
$DJIA,1967-04-19,1969-05-29,9,28.7596
$DJIA,1967-04-19,1969-05-29,10,26.6719
$DJIA,1969-05-29,1971-05-27,0,41.1173
$DJIA,1969-05-29,1971-05-27,1,22.8083
$DJIA,1969-05-29,1971-05-27,2,28.1706
$DJIA,1969-05-29,1971-05-27,3,27.2079
$DJIA,1969-05-29,1971-05-27,4,32.1527
$DJIA,1969-05-29,1971-05-27,5,31.072
$DJIA,1969-05-29,1971-05-27,6,29.6248
$DJIA,1969-05-29,1971-05-27,7,29.7083
$DJIA,1969-05-29,1971-05-27,8,19.8629
$DJIA,1969-05-29,1971-05-27,9,26.0531
$DJIA,1969-05-29,1971-05-27,10,35.1714
$DJIA,1971-05-27,1973-05-26,0,26.6009
$DJIA,1971-05-27,1973-05-26,1,27.9498
$DJIA,1971-05-27,1973-05-26,2,29.9876
$DJIA,1971-05-27,1973-05-26,3,26.6583
$DJIA,1971-05-27,1973-05-26,4,29.053
$DJIA,1971-05-27,1973-05-26,5,26.5906
$DJIA,1971-05-27,1973-05-26,6,26.5912
$DJIA,1971-05-27,1973-05-26,7,26.3015
$DJIA,1971-05-27,1973-05-26,8,26.7095
$DJIA,1971-05-27,1973-05-26,9,26.7182
$DJIA,1971-05-27,1973-05-26,10,28.8108
$DJIA,1973-05-29,1975-05-24,0,36.5217
$DJIA,1973-05-29,1975-05-24,1,26.6471
$DJIA,1973-05-29,1975-05-24,2,23.9638
$DJIA,1973-05-29,1975-05-24,3,23.3657
$DJIA,1973-05-29,1975-05-24,4,29.7111
$DJIA,1973-05-29,1975-05-24,5,31.4534
$DJIA,1973-05-29,1975-05-24,6,22.437
$DJIA,1973-05-29,1975-05-24,7,23.0675
$DJIA,1973-05-29,1975-05-24,8,29.6404
$DJIA,1973-05-29,1975-05-24,9,23.2523
$DJIA,1973-05-29,1975-05-24,10,18.4941
$DJIA,1975-05-27,1977-05-21,0,33.9602
$DJIA,1975-05-27,1977-05-21,1,25.125
$DJIA,1975-05-27,1977-05-21,2,27.0595
$DJIA,1975-05-27,1977-05-21,3,18.5523
$DJIA,1975-05-27,1977-05-21,4,24.154
$DJIA,1975-05-27,1977-05-21,5,30.2664
$DJIA,1975-05-27,1977-05-21,6,26.5288
$DJIA,1975-05-27,1977-05-21,7,27.8603
$DJIA,1975-05-27,1977-05-21,8,26.4827
$DJIA,1975-05-27,1977-05-21,9,28.4418
$DJIA,1975-05-27,1977-05-21,10,20.997
$DJIA,1977-05-23,1979-05-22,0,35.7267
$DJIA,1977-05-23,1979-05-22,1,28.0653
$DJIA,1977-05-23,1979-05-22,2,19.8608
$DJIA,1977-05-23,1979-05-22,3,20.2693
$DJIA,1977-05-23,1979-05-22,4,25.9955
$DJIA,1977-05-23,1979-05-22,5,31.2706
$DJIA,1977-05-23,1979-05-22,6,30.5896
$DJIA,1977-05-23,1979-05-22,7,29.6741
$DJIA,1977-05-23,1979-05-22,8,28.6687
$DJIA,1977-05-23,1979-05-22,9,19.1274
$DJIA,1977-05-23,1979-05-22,10,26.2946
$DJIA,1979-05-22,1981-05-20,0,40.9416
$DJIA,1979-05-22,1981-05-20,1,32.8565
$DJIA,1979-05-22,1981-05-20,2,24.6707
$DJIA,1979-05-22,1981-05-20,3,29.3621
$DJIA,1979-05-22,1981-05-20,4,23.4082
$DJIA,1979-05-22,1981-05-20,5,24.7206
$DJIA,1979-05-22,1981-05-20,6,22.0356
$DJIA,1979-05-22,1981-05-20,7,28.3196
$DJIA,1979-05-22,1981-05-20,8,34.2442
$DJIA,1979-05-22,1981-05-20,9,22.1592
$DJIA,1979-05-22,1981-05-20,10,19.5767
$DJIA,1981-05-20,1983-05-17,0,28.7494
$DJIA,1981-05-20,1983-05-17,1,19.5568
$DJIA,1981-05-20,1983-05-17,2,13.7397
$DJIA,1981-05-20,1983-05-17,3,24.7168
$DJIA,1981-05-20,1983-05-17,4,30.5553
$DJIA,1981-05-20,1983-05-17,5,25.0234
$DJIA,1981-05-20,1983-05-17,6,24.9742
$DJIA,1981-05-20,1983-05-17,7,22.8987
$DJIA,1981-05-20,1983-05-17,8,24.5104
$DJIA,1981-05-20,1983-05-17,9,24.4168
$DJIA,1981-05-20,1983-05-17,10,28.7429
$DJIA,1983-05-17,1985-05-14,0,26.9333
$DJIA,1983-05-17,1985-05-14,1,22.3655
$DJIA,1983-05-17,1985-05-14,2,27.5012
$DJIA,1983-05-17,1985-05-14,3,21.2453
$DJIA,1983-05-17,1985-05-14,4,25.3694
$DJIA,1983-05-17,1985-05-14,5,29.2678
$DJIA,1983-05-17,1985-05-14,6,27.8407
$DJIA,1983-05-17,1985-05-14,7,27.4787
$DJIA,1983-05-17,1985-05-14,8,18.4965
$DJIA,1983-05-17,1985-05-14,9,29.8522
$DJIA,1983-05-17,1985-05-14,10,21.4589
$DJIA,1985-05-14,1987-05-13,0,31.0597
$DJIA,1985-05-14,1987-05-13,1,22.7839
$DJIA,1985-05-14,1987-05-13,2,16.6831
$DJIA,1985-05-14,1987-05-13,3,26.1581
$DJIA,1985-05-14,1987-05-13,4,28.6502
$DJIA,1985-05-14,1987-05-13,5,28.2395
$DJIA,1985-05-14,1987-05-13,6,28.7626
$DJIA,1985-05-14,1987-05-13,7,26.0933
$DJIA,1985-05-14,1987-05-13,8,26.9652
$DJIA,1985-05-14,1987-05-13,9,24.9306
$DJIA,1985-05-14,1987-05-13,10,28.1847
$DJIA,1987-05-13,1989-05-10,0,33.1992
$DJIA,1987-05-13,1989-05-10,1,17.5895
$DJIA,1987-05-13,1989-05-10,2,17.1646
$DJIA,1987-05-13,1989-05-10,3,25.7865
$DJIA,1987-05-13,1989-05-10,4,15.7182
$DJIA,1987-05-13,1989-05-10,5,17.2914
$DJIA,1987-05-13,1989-05-10,6,23.9612
$DJIA,1987-05-13,1989-05-10,7,27.086
$DJIA,1987-05-13,1989-05-10,8,21.2018
$DJIA,1987-05-13,1989-05-10,9,23.3287
$DJIA,1987-05-13,1989-05-10,10,15.2249
$DJIA,1989-05-10,1991-05-08,0,33.8248
$DJIA,1989-05-10,1991-05-08,1,28.5801
$DJIA,1989-05-10,1991-05-08,2,30.4806
$DJIA,1989-05-10,1991-05-08,3,32.1608
$DJIA,1989-05-10,1991-05-08,4,23.6779
$DJIA,1989-05-10,1991-05-08,5,26.3807
$DJIA,1989-05-10,1991-05-08,6,22.0675
$DJIA,1989-05-10,1991-05-08,7,34.4931
$DJIA,1989-05-10,1991-05-08,8,30.3391
$DJIA,1989-05-10,1991-05-08,9,27.2309
$DJIA,1989-05-10,1991-05-08,10,25.1045
$DJIA,1991-05-08,1993-05-05,0,26.7151
$DJIA,1991-05-08,1993-05-05,1,21.9752
$DJIA,1991-05-08,1993-05-05,2,21.356
$DJIA,1991-05-08,1993-05-05,3,22.6177
$DJIA,1991-05-08,1993-05-05,4,26.1462
$DJIA,1991-05-08,1993-05-05,5,21.6589
$DJIA,1991-05-08,1993-05-05,6,30.1919
$DJIA,1991-05-08,1993-05-05,7,26.3571
$DJIA,1991-05-08,1993-05-05,8,21.3898
$DJIA,1991-05-08,1993-05-05,9,22.864
$DJIA,1991-05-08,1993-05-05,10,28.3687
$DJIA,1993-05-05,1995-05-03,0,30.0156
$DJIA,1993-05-05,1995-05-03,1,23.6185
$DJIA,1993-05-05,1995-05-03,2,28.3315
$DJIA,1993-05-05,1995-05-03,3,22.3447
$DJIA,1993-05-05,1995-05-03,4,31.7711
$DJIA,1993-05-05,1995-05-03,5,24.8893
$DJIA,1993-05-05,1995-05-03,6,22.2311
$DJIA,1993-05-05,1995-05-03,7,28.0312
$DJIA,1993-05-05,1995-05-03,8,26.2971
$DJIA,1993-05-05,1995-05-03,9,26.8502
$DJIA,1993-05-05,1995-05-03,10,27.0282
$DJIA,1995-05-03,1997-04-30,0,36.629
$DJIA,1995-05-03,1997-04-30,1,30.905
$DJIA,1995-05-03,1997-04-30,2,23.079
$DJIA,1995-05-03,1997-04-30,3,25.4925
$DJIA,1995-05-03,1997-04-30,4,27.4625
$DJIA,1995-05-03,1997-04-30,5,19.0002
$DJIA,1995-05-03,1997-04-30,6,27.5863
$DJIA,1995-05-03,1997-04-30,7,28.0897
$DJIA,1995-05-03,1997-04-30,8,29.5852
$DJIA,1995-05-03,1997-04-30,9,29.8029
$DJIA,1995-05-03,1997-04-30,10,26.7067
$DJIA,1997-04-30,1999-04-30,0,35.71
$DJIA,1997-04-30,1999-04-30,1,26.8599
$DJIA,1997-04-30,1999-04-30,2,22.0826
$DJIA,1997-04-30,1999-04-30,3,31.8916
$DJIA,1997-04-30,1999-04-30,4,25.1125
$DJIA,1997-04-30,1999-04-30,5,15.266
$DJIA,1997-04-30,1999-04-30,6,31.4706
$DJIA,1997-04-30,1999-04-30,7,20.5808
$DJIA,1997-04-30,1999-04-30,8,16.1659
$DJIA,1997-04-30,1999-04-30,9,20.7796
$DJIA,1997-04-30,1999-04-30,10,31.0552
$DJIA,1999-04-30,2001-04-28,0,29.5426
$DJIA,1999-04-30,2001-04-28,1,21.1124
$DJIA,1999-04-30,2001-04-28,2,31.8808
$DJIA,1999-04-30,2001-04-28,3,26.467
$DJIA,1999-04-30,2001-04-28,4,25.1081
$DJIA,1999-04-30,2001-04-28,5,28.2204
$DJIA,1999-04-30,2001-04-28,6,24.0977
$DJIA,1999-04-30,2001-04-28,7,24.2175
$DJIA,1999-04-30,2001-04-28,8,28.5522
$DJIA,1999-04-30,2001-04-28,9,15.2848
$DJIA,1999-04-30,2001-04-28,10,25.8016
$DJIA,2001-04-30,2003-05-06,0,31.2773
$DJIA,2001-04-30,2003-05-06,1,20.7009
$DJIA,2001-04-30,2003-05-06,2,26.4316
$DJIA,2001-04-30,2003-05-06,3,26.3472
$DJIA,2001-04-30,2003-05-06,4,23.1074
$DJIA,2001-04-30,2003-05-06,5,26.7332
$DJIA,2001-04-30,2003-05-06,6,25.2692
$DJIA,2001-04-30,2003-05-06,7,26.5301
$DJIA,2001-04-30,2003-05-06,8,25.8044
$DJIA,2001-04-30,2003-05-06,9,16.6758
$DJIA,2001-04-30,2003-05-06,10,27.8927
$DJIA,2003-05-06,2005-05-05,0,36.3355
$DJIA,2003-05-06,2005-05-05,1,24.3399
$DJIA,2003-05-06,2005-05-05,2,30.3569
$DJIA,2003-05-06,2005-05-05,3,23.6582
$DJIA,2003-05-06,2005-05-05,4,23.6512
$DJIA,2003-05-06,2005-05-05,5,28.2458
$DJIA,2003-05-06,2005-05-05,6,24.4321
$DJIA,2003-05-06,2005-05-05,7,26.3784
$DJIA,2003-05-06,2005-05-05,8,27.0444
$DJIA,2003-05-06,2005-05-05,9,19.4269
$DJIA,2003-05-06,2005-05-05,10,22.8039
$DJIA,2005-05-05,2007-05-08,0,32.628
$DJIA,2005-05-05,2007-05-08,1,30.1919
$DJIA,2005-05-05,2007-05-08,2,20.2737
$DJIA,2005-05-05,2007-05-08,3,33.1274
$DJIA,2005-05-05,2007-05-08,4,23.8222
$DJIA,2005-05-05,2007-05-08,5,25.1117
$DJIA,2005-05-05,2007-05-08,6,26.4122
$DJIA,2005-05-05,2007-05-08,7,28.7381
$DJIA,2005-05-05,2007-05-08,8,25.781
$DJIA,2005-05-05,2007-05-08,9,29.3408
$DJIA,2005-05-05,2007-05-08,10,23.9862
$DJIA,2007-05-08,2009-05-07,0,27.312
$DJIA,2007-05-08,2009-05-07,1,11.198
$DJIA,2007-05-08,2009-05-07,2,21.5049
$DJIA,2007-05-08,2009-05-07,3,21.3839
$DJIA,2007-05-08,2009-05-07,4,18.798
$DJIA,2007-05-08,2009-05-07,5,24.1964
$DJIA,2007-05-08,2009-05-07,6,19.8421
$DJIA,2007-05-08,2009-05-07,7,18.5373
$DJIA,2007-05-08,2009-05-07,8,28.3497
$DJIA,2007-05-08,2009-05-07,9,22.9483
$DJIA,2007-05-08,2009-05-07,10,23.0766
$DJIA,2009-05-07,2011-05-06,0,33.2052
$DJIA,2009-05-07,2011-05-06,1,20.4107
$DJIA,2009-05-07,2011-05-06,2,24.1563
$DJIA,2009-05-07,2011-05-06,3,30.8667
$DJIA,2009-05-07,2011-05-06,4,25.5884
$DJIA,2009-05-07,2011-05-06,5,17.0932
$DJIA,2009-05-07,2011-05-06,6,18.4301
$DJIA,2009-05-07,2011-05-06,7,23.6566
$DJIA,2009-05-07,2011-05-06,8,21.6731
$DJIA,2009-05-07,2011-05-06,9,26.8418
$DJIA,2009-05-07,2011-05-06,10,25.3665
$DJIA,2011-05-06,2013-05-09,0,29.2569
$DJIA,2011-05-06,2013-05-09,1,24.757
$DJIA,2011-05-06,2013-05-09,2,22.9162
$DJIA,2011-05-06,2013-05-09,3,19.5146
$DJIA,2011-05-06,2013-05-09,4,25.9383
$DJIA,2011-05-06,2013-05-09,5,14.819
$DJIA,2011-05-06,2013-05-09,6,22.9058
$DJIA,2011-05-06,2013-05-09,7,17.7133
$DJIA,2011-05-06,2013-05-09,8,23.4608
$DJIA,2011-05-06,2013-05-09,9,18.7692
$DJIA,2011-05-06,2013-05-09,10,20.4463
$DJIA,2013-05-09,2015-05-09,0,23.8779
$DJIA,2013-05-09,2015-05-09,1,27.0383
$DJIA,2013-05-09,2015-05-09,2,21.9225
$DJIA,2013-05-09,2015-05-09,3,27.4226
$DJIA,2013-05-09,2015-05-09,4,27.0841
$DJIA,2013-05-09,2015-05-09,5,23.4499
$DJIA,2013-05-09,2015-05-09,6,26.9971
$DJIA,2013-05-09,2015-05-09,7,20.0269
$DJIA,2013-05-09,2015-05-09,8,15.4629
$DJIA,2013-05-09,2015-05-09,9,14.2363
$DJIA,2013-05-09,2015-05-09,10,26.4965
$DJIA,2015-05-11,2017-05-10,0,25.114
$DJIA,2015-05-11,2017-05-10,1,21.9303
$DJIA,2015-05-11,2017-05-10,2,16.7026
$DJIA,2015-05-11,2017-05-10,3,17.3381
$DJIA,2015-05-11,2017-05-10,4,22.8493
$DJIA,2015-05-11,2017-05-10,5,5.6748
$DJIA,2015-05-11,2017-05-10,6,18.0669
$DJIA,2015-05-11,2017-05-10,7,27.8729
$DJIA,2015-05-11,2017-05-10,8,27.4058
$DJIA,2015-05-11,2017-05-10,9,25.1564
$DJIA,2015-05-11,2017-05-10,10,28.3831
$DJIA,2017-05-10,2019-05-11,0,24.2008
$DJIA,2017-05-10,2019-05-11,1,26.9745
$DJIA,2017-05-10,2019-05-11,2,27.0723
$DJIA,2017-05-10,2019-05-11,3,21.744
$DJIA,2017-05-10,2019-05-11,4,25.373
$DJIA,2017-05-10,2019-05-11,5,26.9085
$DJIA,2017-05-10,2019-05-11,6,23.3861
$DJIA,2017-05-10,2019-05-11,7,21.6019
$DJIA,2017-05-10,2019-05-11,8,23.1827
$DJIA,2017-05-10,2019-05-11,9,20.3984
$DJIA,2017-05-10,2019-05-11,10,22.4599
$DJIA,2019-05-13,2021-05-12,0,26.167
$DJIA,2019-05-13,2021-05-12,1,16.5745
$DJIA,2019-05-13,2021-05-12,2,14.6083
$DJIA,2019-05-13,2021-05-12,3,18.4984
$DJIA,2019-05-13,2021-05-12,4,20.9926
$DJIA,2019-05-13,2021-05-12,5,18.7712
$DJIA,2019-05-13,2021-05-12,6,23.8871
$DJIA,2019-05-13,2021-05-12,7,20.9911
$DJIA,2019-05-13,2021-05-12,8,22.3299
$DJIA,2019-05-13,2021-05-12,9,26.8385
$DJIA,2019-05-13,2021-05-12,10,23.698
$DJIA,2021-05-12,2023-05-12,0,27.5597
$DJIA,2021-05-12,2023-05-12,1,33.3176
$DJIA,2021-05-12,2023-05-12,2,16.9363
$DJIA,2021-05-12,2023-05-12,3,15.9017
$DJIA,2021-05-12,2023-05-12,4,23.3617
$DJIA,2021-05-12,2023-05-12,5,22.5006
$DJIA,2021-05-12,2023-05-12,6,27.8989
$DJIA,2021-05-12,2023-05-12,7,18.0635
$DJIA,2021-05-12,2023-05-12,8,25.0578
$DJIA,2021-05-12,2023-05-12,9,29.0855
$DJIA,2021-05-12,2023-05-12,10,23.5521
$DJTA,1928-10-02,1930-10-08,0,26.8658
$DJTA,1928-10-02,1930-10-08,1,20.4328
$DJTA,1928-10-02,1930-10-08,2,14.7691
$DJTA,1928-10-02,1930-10-08,3,23.0041
$DJTA,1928-10-02,1930-10-08,4,26.2981
$DJTA,1928-10-02,1930-10-08,5,25.0357
$DJTA,1928-10-02,1930-10-08,6,18.7497
$DJTA,1928-10-02,1930-10-08,7,22.0678
$DJTA,1928-10-02,1930-10-08,8,27.206
$DJTA,1928-10-02,1930-10-08,9,31.247
$DJTA,1928-10-02,1930-10-08,10,26.0558
$DJTA,1930-10-08,1932-10-11,0,32.4315
$DJTA,1930-10-08,1932-10-11,1,27.2577
$DJTA,1930-10-08,1932-10-11,2,23.9888
$DJTA,1930-10-08,1932-10-11,3,21.6665
$DJTA,1930-10-08,1932-10-11,4,30.3519
$DJTA,1930-10-08,1932-10-11,5,21.9734
$DJTA,1930-10-08,1932-10-11,6,24.1184
$DJTA,1930-10-08,1932-10-11,7,31.438
$DJTA,1930-10-08,1932-10-11,8,11.7659
$DJTA,1930-10-08,1932-10-11,9,27.2272
$DJTA,1930-10-08,1932-10-11,10,27.6816
$DJTA,1932-10-11,1934-10-27,0,34.6679
$DJTA,1932-10-11,1934-10-27,1,25.4843
$DJTA,1932-10-11,1934-10-27,2,18.8874
$DJTA,1932-10-11,1934-10-27,3,25.4693
$DJTA,1932-10-11,1934-10-27,4,23.4372
$DJTA,1932-10-11,1934-10-27,5,22.5383
$DJTA,1932-10-11,1934-10-27,6,21.654
$DJTA,1932-10-11,1934-10-27,7,21.8968
$DJTA,1932-10-11,1934-10-27,8,24.7159
$DJTA,1932-10-11,1934-10-27,9,23.7357
$DJTA,1932-10-11,1934-10-27,10,30.2753
$DJTA,1934-10-29,1936-10-30,0,36.8158
$DJTA,1934-10-29,1936-10-30,1,16.6372
$DJTA,1934-10-29,1936-10-30,2,20.9713
$DJTA,1934-10-29,1936-10-30,3,27.2814
$DJTA,1934-10-29,1936-10-30,4,35.0969
$DJTA,1934-10-29,1936-10-30,5,30.408
$DJTA,1934-10-29,1936-10-30,6,22.2553
$DJTA,1934-10-29,1936-10-30,7,26.4899
$DJTA,1934-10-29,1936-10-30,8,22.4927
$DJTA,1934-10-29,1936-10-30,9,29.8996
$DJTA,1934-10-29,1936-10-30,10,22.4821
$DJTA,1936-10-30,1938-11-04,0,19.1833
$DJTA,1936-10-30,1938-11-04,1,33.3443
$DJTA,1936-10-30,1938-11-04,2,26.1071
$DJTA,1936-10-30,1938-11-04,3,18.4762
$DJTA,1936-10-30,1938-11-04,4,27.3326
$DJTA,1936-10-30,1938-11-04,5,19.055
$DJTA,1936-10-30,1938-11-04,6,24.5027
$DJTA,1936-10-30,1938-11-04,7,26.3125
$DJTA,1936-10-30,1938-11-04,8,23.2265
$DJTA,1936-10-30,1938-11-04,9,15.6474
$DJTA,1936-10-30,1938-11-04,10,23.4339
$DJTA,1938-11-04,1940-11-13,0,26.0458
$DJTA,1938-11-04,1940-11-13,1,25.2725
$DJTA,1938-11-04,1940-11-13,2,24.1981
$DJTA,1938-11-04,1940-11-13,3,26.4976
$DJTA,1938-11-04,1940-11-13,4,23.6747
$DJTA,1938-11-04,1940-11-13,5,31.1987
$DJTA,1938-11-04,1940-11-13,6,27.9199
$DJTA,1938-11-04,1940-11-13,7,27.3251
$DJTA,1938-11-04,1940-11-13,8,21.5539
$DJTA,1938-11-04,1940-11-13,9,22.6285
$DJTA,1938-11-04,1940-11-13,10,27.1311
$DJTA,1940-11-13,1942-11-18,0,30.4245
$DJTA,1940-11-13,1942-11-18,1,33.0746
$DJTA,1940-11-13,1942-11-18,2,30.6053
$DJTA,1940-11-13,1942-11-18,3,33.6204
$DJTA,1940-11-13,1942-11-18,4,28.215
$DJTA,1940-11-13,1942-11-18,5,24.2756
$DJTA,1940-11-13,1942-11-18,6,29.136
$DJTA,1940-11-13,1942-11-18,7,27.0353
$DJTA,1940-11-13,1942-11-18,8,22.5365
$DJTA,1940-11-13,1942-11-18,9,25.0711
$DJTA,1940-11-13,1942-11-18,10,31.5519
$DJTA,1942-11-18,1944-11-21,0,29.6031
$DJTA,1942-11-18,1944-11-21,1,23.365
$DJTA,1942-11-18,1944-11-21,2,31.5369
$DJTA,1942-11-18,1944-11-21,3,33.9682
$DJTA,1942-11-18,1944-11-21,4,22.4594
$DJTA,1942-11-18,1944-11-21,5,29.968
$DJTA,1942-11-18,1944-11-21,6,28.4283
$DJTA,1942-11-18,1944-11-21,7,26.6993
$DJTA,1942-11-18,1944-11-21,8,20.3707
$DJTA,1942-11-18,1944-11-21,9,18.7413
$DJTA,1942-11-18,1944-11-21,10,31.5459
$DJTA,1944-11-21,1946-12-04,0,25.3603
$DJTA,1944-11-21,1946-12-04,1,31.3098
$DJTA,1944-11-21,1946-12-04,2,29.0193
$DJTA,1944-11-21,1946-12-04,3,32.7394
$DJTA,1944-11-21,1946-12-04,4,29.5892
$DJTA,1944-11-21,1946-12-04,5,25.0422
$DJTA,1944-11-21,1946-12-04,6,29.4725
$DJTA,1944-11-21,1946-12-04,7,25.6797
$DJTA,1944-11-21,1946-12-04,8,21.2402
$DJTA,1944-11-21,1946-12-04,9,23.6313
$DJTA,1944-11-21,1946-12-04,10,29.4948
$DJTA,1946-12-04,1948-12-10,0,32.1108
$DJTA,1946-12-04,1948-12-10,1,26.1876
$DJTA,1946-12-04,1948-12-10,2,20.0332
$DJTA,1946-12-04,1948-12-10,3,33.5385
$DJTA,1946-12-04,1948-12-10,4,26.6644
$DJTA,1946-12-04,1948-12-10,5,23.3937
$DJTA,1946-12-04,1948-12-10,6,26.915
$DJTA,1946-12-04,1948-12-10,7,28.2692
$DJTA,1946-12-04,1948-12-10,8,28.7803
$DJTA,1946-12-04,1948-12-10,9,22.5154
$DJTA,1946-12-04,1948-12-10,10,23.8079
$DJTA,1948-12-10,1950-12-14,0,23.6762
$DJTA,1948-12-10,1950-12-14,1,32.2518
$DJTA,1948-12-10,1950-12-14,2,26.108
$DJTA,1948-12-10,1950-12-14,3,29.041
$DJTA,1948-12-10,1950-12-14,4,25.3449
$DJTA,1948-12-10,1950-12-14,5,31.2821
$DJTA,1948-12-10,1950-12-14,6,29.0411
$DJTA,1948-12-10,1950-12-14,7,28.836
$DJTA,1948-12-10,1950-12-14,8,27.2049
$DJTA,1948-12-10,1950-12-14,9,25.3156
$DJTA,1948-12-10,1950-12-14,10,22.2776
$DJTA,1950-12-14,1952-12-23,0,37.6949
$DJTA,1950-12-14,1952-12-23,1,27.0759
$DJTA,1950-12-14,1952-12-23,2,29.6754
$DJTA,1950-12-14,1952-12-23,3,29.92
$DJTA,1950-12-14,1952-12-23,4,24.8255
$DJTA,1950-12-14,1952-12-23,5,24.0483
$DJTA,1950-12-14,1952-12-23,6,14.052
$DJTA,1950-12-14,1952-12-23,7,27.8487
$DJTA,1950-12-14,1952-12-23,8,28.884
$DJTA,1950-12-14,1952-12-23,9,24.1582
$DJTA,1950-12-14,1952-12-23,10,28.4279
$DJTA,1952-12-23,1954-12-24,0,33.3301
$DJTA,1952-12-23,1954-12-24,1,17.7287
$DJTA,1952-12-23,1954-12-24,2,31.2716
$DJTA,1952-12-23,1954-12-24,3,33.0985
$DJTA,1952-12-23,1954-12-24,4,21.4436
$DJTA,1952-12-23,1954-12-24,5,21.3954
$DJTA,1952-12-23,1954-12-24,6,25.8971
$DJTA,1952-12-23,1954-12-24,7,18.695
$DJTA,1952-12-23,1954-12-24,8,21.3484
$DJTA,1952-12-23,1954-12-24,9,29.0526
$DJTA,1952-12-23,1954-12-24,10,23.9554
$DJTA,1954-12-27,1956-12-22,0,18.2746
$DJTA,1954-12-27,1956-12-22,1,26.6109
$DJTA,1954-12-27,1956-12-22,2,31.3671
$DJTA,1954-12-27,1956-12-22,3,23.7125
$DJTA,1954-12-27,1956-12-22,4,18.734
$DJTA,1954-12-27,1956-12-22,5,31.2944
$DJTA,1954-12-27,1956-12-22,6,29.3709
$DJTA,1954-12-27,1956-12-22,7,18.8568
$DJTA,1954-12-27,1956-12-22,8,27.4977
$DJTA,1954-12-27,1956-12-22,9,18.5411
$DJTA,1954-12-27,1956-12-22,10,22.2631
$DJTA,1956-12-26,1958-12-24,0,34.5498
$DJTA,1956-12-26,1958-12-24,1,24.5841
$DJTA,1956-12-26,1958-12-24,2,29.1174
$DJTA,1956-12-26,1958-12-24,3,26.8947
$DJTA,1956-12-26,1958-12-24,4,15.7398
$DJTA,1956-12-26,1958-12-24,5,22.6629
$DJTA,1956-12-26,1958-12-24,6,28.1922
$DJTA,1956-12-26,1958-12-24,7,27.498
$DJTA,1956-12-26,1958-12-24,8,31.9771
$DJTA,1956-12-26,1958-12-24,9,22.4248
$DJTA,1956-12-26,1958-12-24,10,26.0345
$DJTA,1958-12-24,1960-12-23,0,35.2619
$DJTA,1958-12-24,1960-12-23,1,24.0715
$DJTA,1958-12-24,1960-12-23,2,33.2992
$DJTA,1958-12-24,1960-12-23,3,31.212
$DJTA,1958-12-24,1960-12-23,4,23.2139
$DJTA,1958-12-24,1960-12-23,5,31.905
$DJTA,1958-12-24,1960-12-23,6,29.9327
$DJTA,1958-12-24,1960-12-23,7,36.4687
$DJTA,1958-12-24,1960-12-23,8,27.4455
$DJTA,1958-12-24,1960-12-23,9,27.6141
$DJTA,1958-12-24,1960-12-23,10,31.3935
$DJTA,1960-12-23,1962-12-27,0,32.9352
$DJTA,1960-12-23,1962-12-27,1,31.1529
$DJTA,1960-12-23,1962-12-27,2,27.2892
$DJTA,1960-12-23,1962-12-27,3,28.191
$DJTA,1960-12-23,1962-12-27,4,29.8657
$DJTA,1960-12-23,1962-12-27,5,36.2331
$DJTA,1960-12-23,1962-12-27,6,25.2183
$DJTA,1960-12-23,1962-12-27,7,27.4877
$DJTA,1960-12-23,1962-12-27,8,27.8924
$DJTA,1960-12-23,1962-12-27,9,13.6286
$DJTA,1960-12-23,1962-12-27,10,34.3412
$DJTA,1962-12-27,1964-12-29,0,39.4153
$DJTA,1962-12-27,1964-12-29,1,32.4231
$DJTA,1962-12-27,1964-12-29,2,35.0863
$DJTA,1962-12-27,1964-12-29,3,23.2783
$DJTA,1962-12-27,1964-12-29,4,31.7497
$DJTA,1962-12-27,1964-12-29,5,33.1918
$DJTA,1962-12-27,1964-12-29,6,28.7117
$DJTA,1962-12-27,1964-12-29,7,31.8946
$DJTA,1962-12-27,1964-12-29,8,25.4267
$DJTA,1962-12-27,1964-12-29,9,27.693
$DJTA,1962-12-27,1964-12-29,10,28.4931
$DJTA,1964-12-29,1966-12-28,0,38.2987
$DJTA,1964-12-29,1966-12-28,1,27.8657
$DJTA,1964-12-29,1966-12-28,2,23.8419
$DJTA,1964-12-29,1966-12-28,3,29.9398
$DJTA,1964-12-29,1966-12-28,4,31.6626
$DJTA,1964-12-29,1966-12-28,5,23.9025
$DJTA,1964-12-29,1966-12-28,6,27.6296
$DJTA,1964-12-29,1966-12-28,7,34.3276
$DJTA,1964-12-29,1966-12-28,8,23.8952
$DJTA,1964-12-29,1966-12-28,9,20.8889
$DJTA,1964-12-29,1966-12-28,10,31.2476
$DJTA,1966-12-28,1969-02-05,0,39.3455
$DJTA,1966-12-28,1969-02-05,1,26.3858
$DJTA,1966-12-28,1969-02-05,2,22.404
$DJTA,1966-12-28,1969-02-05,3,33.4977
$DJTA,1966-12-28,1969-02-05,4,31.9791
$DJTA,1966-12-28,1969-02-05,5,21.1426
$DJTA,1966-12-28,1969-02-05,6,25.2883
$DJTA,1966-12-28,1969-02-05,7,26.968
$DJTA,1966-12-28,1969-02-05,8,29.1765
$DJTA,1966-12-28,1969-02-05,9,30.6074
$DJTA,1966-12-28,1969-02-05,10,28.3148
$DJTA,1969-02-05,1971-02-05,0,24.7022
$DJTA,1969-02-05,1971-02-05,1,22.2029
$DJTA,1969-02-05,1971-02-05,2,24.5308
$DJTA,1969-02-05,1971-02-05,3,26.8897
$DJTA,1969-02-05,1971-02-05,4,24.0654
$DJTA,1969-02-05,1971-02-05,5,23.4103
$DJTA,1969-02-05,1971-02-05,6,24.3542
$DJTA,1969-02-05,1971-02-05,7,28.6056
$DJTA,1969-02-05,1971-02-05,8,26.9044
$DJTA,1969-02-05,1971-02-05,9,25.0153
$DJTA,1969-02-05,1971-02-05,10,27.0416
$DJTA,1971-02-05,1973-02-06,0,35.6886
$DJTA,1971-02-05,1973-02-06,1,30.1746
$DJTA,1971-02-05,1973-02-06,2,21.8181
$DJTA,1971-02-05,1973-02-06,3,35.3569
$DJTA,1971-02-05,1973-02-06,4,32.2492
$DJTA,1971-02-05,1973-02-06,5,25.0779
$DJTA,1971-02-05,1973-02-06,6,27.8989
$DJTA,1971-02-05,1973-02-06,7,32.2058
$DJTA,1971-02-05,1973-02-06,8,19.295
$DJTA,1971-02-05,1973-02-06,9,32.2661
$DJTA,1971-02-05,1973-02-06,10,31.6067
$DJTA,1973-02-06,1975-02-04,0,38.0688
$DJTA,1973-02-06,1975-02-04,1,20.7797
$DJTA,1973-02-06,1975-02-04,2,26.5289
$DJTA,1973-02-06,1975-02-04,3,21.8884
$DJTA,1973-02-06,1975-02-04,4,30.0978
$DJTA,1973-02-06,1975-02-04,5,25.5998
$DJTA,1973-02-06,1975-02-04,6,29.6754
$DJTA,1973-02-06,1975-02-04,7,22.8822
$DJTA,1973-02-06,1975-02-04,8,27.1421
$DJTA,1973-02-06,1975-02-04,9,32.7247
$DJTA,1973-02-06,1975-02-04,10,30.1323
$DJTA,1975-02-04,1977-02-01,0,35.8773
$DJTA,1975-02-04,1977-02-01,1,19.4738
$DJTA,1975-02-04,1977-02-01,2,32.5373
$DJTA,1975-02-04,1977-02-01,3,30.3743
$DJTA,1975-02-04,1977-02-01,4,22.5421
$DJTA,1975-02-04,1977-02-01,5,28.8124
$DJTA,1975-02-04,1977-02-01,6,29.8339
$DJTA,1975-02-04,1977-02-01,7,20.2191
$DJTA,1975-02-04,1977-02-01,8,32.8176
$DJTA,1975-02-04,1977-02-01,9,20.0691
$DJTA,1975-02-04,1977-02-01,10,28.101
$DJTA,1977-02-01,1979-01-31,0,34.5127
$DJTA,1977-02-01,1979-01-31,1,23.363
$DJTA,1977-02-01,1979-01-31,2,34.133
$DJTA,1977-02-01,1979-01-31,3,31.6395
$DJTA,1977-02-01,1979-01-31,4,31.1878
$DJTA,1977-02-01,1979-01-31,5,32.5836
$DJTA,1977-02-01,1979-01-31,6,31.468
$DJTA,1977-02-01,1979-01-31,7,24.5408
$DJTA,1977-02-01,1979-01-31,8,27.7342
$DJTA,1977-02-01,1979-01-31,9,29.3526
$DJTA,1977-02-01,1979-01-31,10,34.3553
$DJTA,1979-01-31,1981-01-29,0,34.6545
$DJTA,1979-01-31,1981-01-29,1,30.395
$DJTA,1979-01-31,1981-01-29,2,31.3148
$DJTA,1979-01-31,1981-01-29,3,26.7766
$DJTA,1979-01-31,1981-01-29,4,28.4289
$DJTA,1979-01-31,1981-01-29,5,32.5357
$DJTA,1979-01-31,1981-01-29,6,37.6488
$DJTA,1979-01-31,1981-01-29,7,20.2026
$DJTA,1979-01-31,1981-01-29,8,20.039
$DJTA,1979-01-31,1981-01-29,9,30.6179
$DJTA,1979-01-31,1981-01-29,10,28.4444
$DJTA,1981-01-29,1983-01-25,0,40.3025
$DJTA,1981-01-29,1983-01-25,1,28.6193
$DJTA,1981-01-29,1983-01-25,2,31.0306
$DJTA,1981-01-29,1983-01-25,3,20.1202
$DJTA,1981-01-29,1983-01-25,4,32.3007
$DJTA,1981-01-29,1983-01-25,5,27.5628
$DJTA,1981-01-29,1983-01-25,6,24.39
$DJTA,1981-01-29,1983-01-25,7,31.2121
$DJTA,1981-01-29,1983-01-25,8,27.9345
$DJTA,1981-01-29,1983-01-25,9,19.4062
$DJTA,1981-01-29,1983-01-25,10,30.3028
$DJTA,1983-01-25,1985-01-22,0,32.3676
$DJTA,1983-01-25,1985-01-22,1,25.5497
$DJTA,1983-01-25,1985-01-22,2,19.6823
$DJTA,1983-01-25,1985-01-22,3,19.8551
$DJTA,1983-01-25,1985-01-22,4,32.4105
$DJTA,1983-01-25,1985-01-22,5,25.2912
$DJTA,1983-01-25,1985-01-22,6,27.0826
$DJTA,1983-01-25,1985-01-22,7,29.2313
$DJTA,1983-01-25,1985-01-22,8,29.8389
$DJTA,1983-01-25,1985-01-22,9,27.0449
$DJTA,1983-01-25,1985-01-22,10,25.999
$DJTA,1985-01-22,1987-01-20,0,36.4382
$DJTA,1985-01-22,1987-01-20,1,38.699
$DJTA,1985-01-22,1987-01-20,2,31.4459
$DJTA,1985-01-22,1987-01-20,3,29.5915
$DJTA,1985-01-22,1987-01-20,4,30.1196
$DJTA,1985-01-22,1987-01-20,5,26.5346
$DJTA,1985-01-22,1987-01-20,6,31.4145
$DJTA,1985-01-22,1987-01-20,7,25.2382
$DJTA,1985-01-22,1987-01-20,8,26.0198
$DJTA,1985-01-22,1987-01-20,9,24.9073
$DJTA,1985-01-22,1987-01-20,10,25.6641
$DJTA,1987-01-20,1989-01-17,0,38.4484
$DJTA,1987-01-20,1989-01-17,1,28.212
$DJTA,1987-01-20,1989-01-17,2,28.8948
$DJTA,1987-01-20,1989-01-17,3,18.4417
$DJTA,1987-01-20,1989-01-17,4,25.6646
$DJTA,1987-01-20,1989-01-17,5,24.3155
$DJTA,1987-01-20,1989-01-17,6,21.4432
$DJTA,1987-01-20,1989-01-17,7,24.6449
$DJTA,1987-01-20,1989-01-17,8,29.2513
$DJTA,1987-01-20,1989-01-17,9,29.6717
$DJTA,1987-01-20,1989-01-17,10,20.2796
$DJTA,1989-01-17,1991-01-15,0,36.305
$DJTA,1989-01-17,1991-01-15,1,27.9894
$DJTA,1989-01-17,1991-01-15,2,26.8022
$DJTA,1989-01-17,1991-01-15,3,27.6646
$DJTA,1989-01-17,1991-01-15,4,30.5194
$DJTA,1989-01-17,1991-01-15,5,32.8829
$DJTA,1989-01-17,1991-01-15,6,30.0759
$DJTA,1989-01-17,1991-01-15,7,37.4869
$DJTA,1989-01-17,1991-01-15,8,29.1145
$DJTA,1989-01-17,1991-01-15,9,27.2677
$DJTA,1989-01-17,1991-01-15,10,34.8436
$DJTA,1991-01-15,1993-01-13,0,30.7095
$DJTA,1991-01-15,1993-01-13,1,24.1047
$DJTA,1991-01-15,1993-01-13,2,30.3499
$DJTA,1991-01-15,1993-01-13,3,27.3599
$DJTA,1991-01-15,1993-01-13,4,33.2943
$DJTA,1991-01-15,1993-01-13,5,30.0736
$DJTA,1991-01-15,1993-01-13,6,37.8859
$DJTA,1991-01-15,1993-01-13,7,28.3013
$DJTA,1991-01-15,1993-01-13,8,26.6922
$DJTA,1991-01-15,1993-01-13,9,27.4048
$DJTA,1991-01-15,1993-01-13,10,27.4429
$DJTA,1993-01-13,1995-01-11,0,38.6445
$DJTA,1993-01-13,1995-01-11,1,28.1782
$DJTA,1993-01-13,1995-01-11,2,27.4148
$DJTA,1993-01-13,1995-01-11,3,29.6889
$DJTA,1993-01-13,1995-01-11,4,24.3124
$DJTA,1993-01-13,1995-01-11,5,25.1751
$DJTA,1993-01-13,1995-01-11,6,28.2703
$DJTA,1993-01-13,1995-01-11,7,28.5663
$DJTA,1993-01-13,1995-01-11,8,24.1351
$DJTA,1993-01-13,1995-01-11,9,29.157
$DJTA,1993-01-13,1995-01-11,10,25.6321
$DJTA,1995-01-11,1997-01-08,0,37.2475
$DJTA,1995-01-11,1997-01-08,1,25.7138
$DJTA,1995-01-11,1997-01-08,2,35.4544
$DJTA,1995-01-11,1997-01-08,3,25.2825
$DJTA,1995-01-11,1997-01-08,4,30.9952
$DJTA,1995-01-11,1997-01-08,5,36.1425
$DJTA,1995-01-11,1997-01-08,6,31.4711
$DJTA,1995-01-11,1997-01-08,7,18.9355
$DJTA,1995-01-11,1997-01-08,8,28.4675
$DJTA,1995-01-11,1997-01-08,9,27.5767
$DJTA,1995-01-11,1997-01-08,10,30.0449
$DJTA,1997-01-08,1999-01-07,0,33.7216
$DJTA,1997-01-08,1999-01-07,1,26.7682
$DJTA,1997-01-08,1999-01-07,2,32.9705
$DJTA,1997-01-08,1999-01-07,3,20.1317
$DJTA,1997-01-08,1999-01-07,4,33.8037
$DJTA,1997-01-08,1999-01-07,5,33.333
$DJTA,1997-01-08,1999-01-07,6,31.3313
$DJTA,1997-01-08,1999-01-07,7,22.4002
$DJTA,1997-01-08,1999-01-07,8,29.254
$DJTA,1997-01-08,1999-01-07,9,20.4839
$DJTA,1997-01-08,1999-01-07,10,24.9813
$DJTA,1999-01-07,2001-01-05,0,25.5084
$DJTA,1999-01-07,2001-01-05,1,28.1617
$DJTA,1999-01-07,2001-01-05,2,28.4351
$DJTA,1999-01-07,2001-01-05,3,22.4495
$DJTA,1999-01-07,2001-01-05,4,22.1668
$DJTA,1999-01-07,2001-01-05,5,18.3238
$DJTA,1999-01-07,2001-01-05,6,28.4981
$DJTA,1999-01-07,2001-01-05,7,9.098
$DJTA,1999-01-07,2001-01-05,8,20.2979
$DJTA,1999-01-07,2001-01-05,9,23.5595
$DJTA,1999-01-07,2001-01-05,10,24.5351
$DJTA,2001-01-05,2003-01-11,0,24.6711
$DJTA,2001-01-05,2003-01-11,1,14.3178
$DJTA,2001-01-05,2003-01-11,2,18.0607
$DJTA,2001-01-05,2003-01-11,3,22.8559
$DJTA,2001-01-05,2003-01-11,4,20.2273
$DJTA,2001-01-05,2003-01-11,5,20.6382
$DJTA,2001-01-05,2003-01-11,6,25.8412
$DJTA,2001-01-05,2003-01-11,7,20.9791
$DJTA,2001-01-05,2003-01-11,8,17.5433
$DJTA,2001-01-05,2003-01-11,9,26.3633
$DJTA,2001-01-05,2003-01-11,10,31.2123
$DJTA,2003-01-13,2005-01-12,0,30.8748
$DJTA,2003-01-13,2005-01-12,1,26.1771
$DJTA,2003-01-13,2005-01-12,2,21.4975
$DJTA,2003-01-13,2005-01-12,3,25.6947
$DJTA,2003-01-13,2005-01-12,4,27.4963
$DJTA,2003-01-13,2005-01-12,5,23.5462
$DJTA,2003-01-13,2005-01-12,6,22.7865
$DJTA,2003-01-13,2005-01-12,7,26.5099
$DJTA,2003-01-13,2005-01-12,8,19.9999
$DJTA,2003-01-13,2005-01-12,9,26.9924
$DJTA,2003-01-13,2005-01-12,10,26.2725
$DJTA,2005-01-12,2007-01-13,0,31.4445
$DJTA,2005-01-12,2007-01-13,1,19.2675
$DJTA,2005-01-12,2007-01-13,2,21.2444
$DJTA,2005-01-12,2007-01-13,3,27.1156
$DJTA,2005-01-12,2007-01-13,4,25.2017
$DJTA,2005-01-12,2007-01-13,5,25.4062
$DJTA,2005-01-12,2007-01-13,6,24.0849
$DJTA,2005-01-12,2007-01-13,7,28.5372
$DJTA,2005-01-12,2007-01-13,8,29.2088
$DJTA,2005-01-12,2007-01-13,9,19.4152
$DJTA,2005-01-12,2007-01-13,10,23.3438
$DJTA,2007-01-16,2009-01-14,0,35.5755
$DJTA,2007-01-16,2009-01-14,1,21.3361
$DJTA,2007-01-16,2009-01-14,2,22.1783
$DJTA,2007-01-16,2009-01-14,3,19.2067
$DJTA,2007-01-16,2009-01-14,4,22.822
$DJTA,2007-01-16,2009-01-14,5,16.6645
$DJTA,2007-01-16,2009-01-14,6,21.4958
$DJTA,2007-01-16,2009-01-14,7,29.2961
$DJTA,2007-01-16,2009-01-14,8,24.0804
$DJTA,2007-01-16,2009-01-14,9,16.4838
$DJTA,2007-01-16,2009-01-14,10,25.2165
$DJTA,2009-01-14,2011-01-13,0,34.4396
$DJTA,2009-01-14,2011-01-13,1,27.9779
$DJTA,2009-01-14,2011-01-13,2,29.1866
$DJTA,2009-01-14,2011-01-13,3,16.5712
$DJTA,2009-01-14,2011-01-13,4,21.6101
$DJTA,2009-01-14,2011-01-13,5,22.1768
$DJTA,2009-01-14,2011-01-13,6,26.2986
$DJTA,2009-01-14,2011-01-13,7,27.9321
$DJTA,2009-01-14,2011-01-13,8,18.7481
$DJTA,2009-01-14,2011-01-13,9,26.3815
$DJTA,2009-01-14,2011-01-13,10,22.4576
$DJTA,2011-01-13,2013-01-16,0,21.6464
$DJTA,2011-01-13,2013-01-16,1,22.8055
$DJTA,2011-01-13,2013-01-16,2,21.5189
$DJTA,2011-01-13,2013-01-16,3,29.5773
$DJTA,2011-01-13,2013-01-16,4,23.8451
$DJTA,2011-01-13,2013-01-16,5,24.5266
$DJTA,2011-01-13,2013-01-16,6,20.0232
$DJTA,2011-01-13,2013-01-16,7,26.0479
$DJTA,2011-01-13,2013-01-16,8,21.0015
$DJTA,2011-01-13,2013-01-16,9,15.6079
$DJTA,2011-01-13,2013-01-16,10,13.9492
$DJTA,2013-01-16,2015-01-16,0,27.0511
$DJTA,2013-01-16,2015-01-16,1,28.883
$DJTA,2013-01-16,2015-01-16,2,29.1228
$DJTA,2013-01-16,2015-01-16,3,26.053
$DJTA,2013-01-16,2015-01-16,4,19.6646
$DJTA,2013-01-16,2015-01-16,5,24.1732
$DJTA,2013-01-16,2015-01-16,6,13.7645
$DJTA,2013-01-16,2015-01-16,7,28.9124
$DJTA,2013-01-16,2015-01-16,8,27.0849
$DJTA,2013-01-16,2015-01-16,9,24.6341
$DJTA,2013-01-16,2015-01-16,10,27.9064
$DJTA,2015-01-16,2017-01-18,0,33.2522
$DJTA,2015-01-16,2017-01-18,1,27.7568
$DJTA,2015-01-16,2017-01-18,2,24.447
$DJTA,2015-01-16,2017-01-18,3,23.4853
$DJTA,2015-01-16,2017-01-18,4,28.3218
$DJTA,2015-01-16,2017-01-18,5,28.8099
$DJTA,2015-01-16,2017-01-18,6,21.4281
$DJTA,2015-01-16,2017-01-18,7,23.252
$DJTA,2015-01-16,2017-01-18,8,13.5775
$DJTA,2015-01-16,2017-01-18,9,20.9798
$DJTA,2015-01-16,2017-01-18,10,25.6151
$DJTA,2017-01-18,2019-01-18,0,37.4004
$DJTA,2017-01-18,2019-01-18,1,28.1903
$DJTA,2017-01-18,2019-01-18,2,19.027
$DJTA,2017-01-18,2019-01-18,3,26.3852
$DJTA,2017-01-18,2019-01-18,4,24.6834
$DJTA,2017-01-18,2019-01-18,5,19.462
$DJTA,2017-01-18,2019-01-18,6,24.0451
$DJTA,2017-01-18,2019-01-18,7,22.5727
$DJTA,2017-01-18,2019-01-18,8,23.1896
$DJTA,2017-01-18,2019-01-18,9,17.9877
$DJTA,2017-01-18,2019-01-18,10,23.5139
$DJTA,2019-01-18,2021-01-20,0,33.7684
$DJTA,2019-01-18,2021-01-20,1,24.9877
$DJTA,2019-01-18,2021-01-20,2,25.284
$DJTA,2019-01-18,2021-01-20,3,16.7129
$DJTA,2019-01-18,2021-01-20,4,24.0656
$DJTA,2019-01-18,2021-01-20,5,26.3674
$DJTA,2019-01-18,2021-01-20,6,21.0402
$DJTA,2019-01-18,2021-01-20,7,0.1543
$DJTA,2019-01-18,2021-01-20,8,16.4155
$DJTA,2019-01-18,2021-01-20,9,19.5227
$DJTA,2019-01-18,2021-01-20,10,34.1222
$DJTA,2021-01-20,2023-01-20,0,21.5268
$DJTA,2021-01-20,2023-01-20,1,31.4294
$DJTA,2021-01-20,2023-01-20,2,23.03
$DJTA,2021-01-20,2023-01-20,3,22.1261
$DJTA,2021-01-20,2023-01-20,4,24.4945
$DJTA,2021-01-20,2023-01-20,5,32.8616
$DJTA,2021-01-20,2023-01-20,6,27.6996
$DJTA,2021-01-20,2023-01-20,7,22.5038
$DJTA,2021-01-20,2023-01-20,8,27.2919
$DJTA,2021-01-20,2023-01-20,9,29.6961
$DJTA,2021-01-20,2023-01-20,10,27.2537
$DX,1985-11-20,1987-11-21,0,34.3042
$DX,1985-11-20,1987-11-21,1,18.9892
$DX,1985-11-20,1987-11-21,2,30.1525
$DX,1985-11-20,1987-11-21,3,25.3561
$DX,1985-11-20,1987-11-21,4,31.0232
$DX,1985-11-20,1987-11-21,5,29.1062
$DX,1985-11-20,1987-11-21,6,28.678
$DX,1985-11-20,1987-11-21,7,28.5673
$DX,1985-11-20,1987-11-21,8,29.7374
$DX,1985-11-20,1987-11-21,9,29.8156
$DX,1985-11-20,1987-11-21,10,30.1144
$DX,1987-11-23,1989-11-18,0,27.9822
$DX,1987-11-23,1989-11-18,1,28.6541
$DX,1987-11-23,1989-11-18,2,21.3184
$DX,1987-11-23,1989-11-18,3,29.5669
$DX,1987-11-23,1989-11-18,4,28.8874
$DX,1987-11-23,1989-11-18,5,32.2801
$DX,1987-11-23,1989-11-18,6,31.4834
$DX,1987-11-23,1989-11-18,7,29.2854
$DX,1987-11-23,1989-11-18,8,28.5965
$DX,1987-11-23,1989-11-18,9,26.8748
$DX,1987-11-23,1989-11-18,10,28.7667
$DX,1989-11-20,1991-11-16,0,36.1279
$DX,1989-11-20,1991-11-16,1,24.0806
$DX,1989-11-20,1991-11-16,2,27.1101
$DX,1989-11-20,1991-11-16,3,31.5688
$DX,1989-11-20,1991-11-16,4,32.5043
$DX,1989-11-20,1991-11-16,5,20.6986
$DX,1989-11-20,1991-11-16,6,24.8887
$DX,1989-11-20,1991-11-16,7,26.705
$DX,1989-11-20,1991-11-16,8,30.5247
$DX,1989-11-20,1991-11-16,9,28.7427
$DX,1989-11-20,1991-11-16,10,29.3083
$DX,1991-11-18,1993-11-13,0,36.3993
$DX,1991-11-18,1993-11-13,1,29.0006
$DX,1991-11-18,1993-11-13,2,28.3195
$DX,1991-11-18,1993-11-13,3,21.6148
$DX,1991-11-18,1993-11-13,4,23.147
$DX,1991-11-18,1993-11-13,5,21.6862
$DX,1991-11-18,1993-11-13,6,26.7476
$DX,1991-11-18,1993-11-13,7,25.9539
$DX,1991-11-18,1993-11-13,8,33.5482
$DX,1991-11-18,1993-11-13,9,26.8336
$DX,1991-11-18,1993-11-13,10,24.8941
$DX,1993-11-15,1995-11-09,0,29.8204
$DX,1993-11-15,1995-11-09,1,22.2081
$DX,1993-11-15,1995-11-09,2,24.3751
$DX,1993-11-15,1995-11-09,3,24.4879
$DX,1993-11-15,1995-11-09,4,19.7927
$DX,1993-11-15,1995-11-09,5,24.6374
$DX,1993-11-15,1995-11-09,6,25.8916
$DX,1993-11-15,1995-11-09,7,17.5547
$DX,1993-11-15,1995-11-09,8,20.184
$DX,1993-11-15,1995-11-09,9,21.9089
$DX,1993-11-15,1995-11-09,10,23.6828
$DX,1995-11-09,1997-11-06,0,34.9418
$DX,1995-11-09,1997-11-06,1,31.2392
$DX,1995-11-09,1997-11-06,2,28.0078
$DX,1995-11-09,1997-11-06,3,24.5632
$DX,1995-11-09,1997-11-06,4,19.9828
$DX,1995-11-09,1997-11-06,5,32.5908
$DX,1995-11-09,1997-11-06,6,21.7203
$DX,1995-11-09,1997-11-06,7,25.4824
$DX,1995-11-09,1997-11-06,8,25.0925
$DX,1995-11-09,1997-11-06,9,26.3751
$DX,1995-11-09,1997-11-06,10,20.2381
$DX,1997-11-06,1999-11-09,0,37.9407
$DX,1997-11-06,1999-11-09,1,25.5943
$DX,1997-11-06,1999-11-09,2,24.9439
$DX,1997-11-06,1999-11-09,3,18.089
$DX,1997-11-06,1999-11-09,4,26.6768
$DX,1997-11-06,1999-11-09,5,26.0508
$DX,1997-11-06,1999-11-09,6,23.9949
$DX,1997-11-06,1999-11-09,7,25.8413
$DX,1997-11-06,1999-11-09,8,30.7379
$DX,1997-11-06,1999-11-09,9,18.1785
$DX,1997-11-06,1999-11-09,10,28.8141
$DX,1999-11-09,2001-10-31,0,36.7939
$DX,1999-11-09,2001-10-31,1,32.2681
$DX,1999-11-09,2001-10-31,2,29.9836
$DX,1999-11-09,2001-10-31,3,26.4502
$DX,1999-11-09,2001-10-31,4,29.8486
$DX,1999-11-09,2001-10-31,5,28.9383
$DX,1999-11-09,2001-10-31,6,25.3814
$DX,1999-11-09,2001-10-31,7,36.7362
$DX,1999-11-09,2001-10-31,8,21.0784
$DX,1999-11-09,2001-10-31,9,26.12
$DX,1999-11-09,2001-10-31,10,30.2384
$DX,2001-10-31,2003-10-22,0,39.6953
$DX,2001-10-31,2003-10-22,1,28.2696
$DX,2001-10-31,2003-10-22,2,20.3378
$DX,2001-10-31,2003-10-22,3,25.5833
$DX,2001-10-31,2003-10-22,4,27.929
$DX,2001-10-31,2003-10-22,5,28.1388
$DX,2001-10-31,2003-10-22,6,26.0442
$DX,2001-10-31,2003-10-22,7,36.4144
$DX,2001-10-31,2003-10-22,8,19.0267
$DX,2001-10-31,2003-10-22,9,29.0413
$DX,2001-10-31,2003-10-22,10,16.3394
$DX,2003-10-22,2005-10-15,0,35.0574
$DX,2003-10-22,2005-10-15,1,26.9145
$DX,2003-10-22,2005-10-15,2,26.3043
$DX,2003-10-22,2005-10-15,3,26.6587
$DX,2003-10-22,2005-10-15,4,16.9439
$DX,2003-10-22,2005-10-15,5,16.6593
$DX,2003-10-22,2005-10-15,6,25.6024
$DX,2003-10-22,2005-10-15,7,18.6583
$DX,2003-10-22,2005-10-15,8,25.4858
$DX,2003-10-22,2005-10-15,9,20.5586
$DX,2003-10-22,2005-10-15,10,28.4906
$DX,2005-10-17,2007-10-18,0,28.5002
$DX,2005-10-17,2007-10-18,1,27.889
$DX,2005-10-17,2007-10-18,2,28.4726
$DX,2005-10-17,2007-10-18,3,26.7609
$DX,2005-10-17,2007-10-18,4,19.8208
$DX,2005-10-17,2007-10-18,5,28.9537
$DX,2005-10-17,2007-10-18,6,28.6564
$DX,2005-10-17,2007-10-18,7,27.9239
$DX,2005-10-17,2007-10-18,8,26.4732
$DX,2005-10-17,2007-10-18,9,28.7941
$DX,2005-10-17,2007-10-18,10,25.9366
$DX,2007-10-18,2009-10-08,0,32.1644
$DX,2007-10-18,2009-10-08,1,22.2085
$DX,2007-10-18,2009-10-08,2,24.7291
$DX,2007-10-18,2009-10-08,3,25.8225
$DX,2007-10-18,2009-10-08,4,25.027
$DX,2007-10-18,2009-10-08,5,32.2046
$DX,2007-10-18,2009-10-08,6,27.124
$DX,2007-10-18,2009-10-08,7,28.732
$DX,2007-10-18,2009-10-08,8,22.8398
$DX,2007-10-18,2009-10-08,9,24.1734
$DX,2007-10-18,2009-10-08,10,28.7053
$DX,2009-10-08,2011-09-17,0,36.6852
$DX,2009-10-08,2011-09-17,1,22.1457
$DX,2009-10-08,2011-09-17,2,25.4852
$DX,2009-10-08,2011-09-17,3,20.1467
$DX,2009-10-08,2011-09-17,4,29.273
$DX,2009-10-08,2011-09-17,5,25.9286
$DX,2009-10-08,2011-09-17,6,29.3811
$DX,2009-10-08,2011-09-17,7,18.6505
$DX,2009-10-08,2011-09-17,8,28.8014
$DX,2009-10-08,2011-09-17,9,31.7487
$DX,2009-10-08,2011-09-17,10,26.7415
$DX,2011-09-19,2013-08-27,0,31.4883
$DX,2011-09-19,2013-08-27,1,23.5482
$DX,2011-09-19,2013-08-27,2,27.6176
$DX,2011-09-19,2013-08-27,3,24.5361
$DX,2011-09-19,2013-08-27,4,24.6694
$DX,2011-09-19,2013-08-27,5,27.6907
$DX,2011-09-19,2013-08-27,6,24.2776
$DX,2011-09-19,2013-08-27,7,29.4318
$DX,2011-09-19,2013-08-27,8,28.3036
$DX,2011-09-19,2013-08-27,9,26.567
$DX,2011-09-19,2013-08-27,10,26.9359
$DX,2013-08-27,2015-08-08,0,23.2074
$DX,2013-08-27,2015-08-08,1,19.4249
$DX,2013-08-27,2015-08-08,2,28.1857
$DX,2013-08-27,2015-08-08,3,15.0943
$DX,2013-08-27,2015-08-08,4,29.6744
$DX,2013-08-27,2015-08-08,5,29.4223
$DX,2013-08-27,2015-08-08,6,18.7284
$DX,2013-08-27,2015-08-08,7,17.6848
$DX,2013-08-27,2015-08-08,8,27.0318
$DX,2013-08-27,2015-08-08,9,24.3458
$DX,2013-08-27,2015-08-08,10,22.9419
$DX,2015-08-10,2017-07-18,0,39.4211
$DX,2015-08-10,2017-07-18,1,28.7821
$DX,2015-08-10,2017-07-18,2,32.3739
$DX,2015-08-10,2017-07-18,3,28.6196
$DX,2015-08-10,2017-07-18,4,21.7042
$DX,2015-08-10,2017-07-18,5,10.3662
$DX,2015-08-10,2017-07-18,6,22.3308
$DX,2015-08-10,2017-07-18,7,32.7687
$DX,2015-08-10,2017-07-18,8,26.7385
$DX,2015-08-10,2017-07-18,9,20.8717
$DX,2015-08-10,2017-07-18,10,14.9131
$DX,2017-07-18,2019-06-25,0,28.7938
$DX,2017-07-18,2019-06-25,1,28.1061
$DX,2017-07-18,2019-06-25,2,21.44
$DX,2017-07-18,2019-06-25,3,22.1421
$DX,2017-07-18,2019-06-25,4,31.2956
$DX,2017-07-18,2019-06-25,5,27.8507
$DX,2017-07-18,2019-06-25,6,25.7883
$DX,2017-07-18,2019-06-25,7,18.3017
$DX,2017-07-18,2019-06-25,8,25.2054
$DX,2017-07-18,2019-06-25,9,30.2009
$DX,2017-07-18,2019-06-25,10,30.0762
$DX,2019-06-25,2021-05-29,0,38.3479
$DX,2019-06-25,2021-05-29,1,23.2813
$DX,2019-06-25,2021-05-29,2,29.4878
$DX,2019-06-25,2021-05-29,3,20.6836
$DX,2019-06-25,2021-05-29,4,31.1769
$DX,2019-06-25,2021-05-29,5,23.6482
$DX,2019-06-25,2021-05-29,6,27.2666
$DX,2019-06-25,2021-05-29,7,20.6616
$DX,2019-06-25,2021-05-29,8,19.757
$DX,2019-06-25,2021-05-29,9,26.1972
$DX,2019-06-25,2021-05-29,10,17.9971
$DX,2021-05-31,2023-05-06,0,33.9627
$DX,2021-05-31,2023-05-06,1,30.2414
$DX,2021-05-31,2023-05-06,2,24.1486
$DX,2021-05-31,2023-05-06,3,18.1317
$DX,2021-05-31,2023-05-06,4,25.6357
$DX,2021-05-31,2023-05-06,5,23.8783
$DX,2021-05-31,2023-05-06,6,27.1049
$DX,2021-05-31,2023-05-06,7,23.3729
$DX,2021-05-31,2023-05-06,8,27.0577
$DX,2021-05-31,2023-05-06,9,24.5866
$DX,2021-05-31,2023-05-06,10,21.4238
$NDX,1985-10-01,1987-09-29,0,22.6533
$NDX,1985-10-01,1987-09-29,1,29.111
$NDX,1985-10-01,1987-09-29,2,20.2154
$NDX,1985-10-01,1987-09-29,3,22.1437
$NDX,1985-10-01,1987-09-29,4,21.6526
$NDX,1985-10-01,1987-09-29,5,27.0927
$NDX,1985-10-01,1987-09-29,6,27.1258
$NDX,1985-10-01,1987-09-29,7,31.6995
$NDX,1985-10-01,1987-09-29,8,17.4905
$NDX,1985-10-01,1987-09-29,9,14.9942
$NDX,1985-10-01,1987-09-29,10,28.5667
$NDX,1987-09-29,1989-09-26,0,28.1855
$NDX,1987-09-29,1989-09-26,1,21.0324
$NDX,1987-09-29,1989-09-26,2,26.2402
$NDX,1987-09-29,1989-09-26,3,13.4914
$NDX,1987-09-29,1989-09-26,4,17.3593
$NDX,1987-09-29,1989-09-26,5,23.382
$NDX,1987-09-29,1989-09-26,6,22.022
$NDX,1987-09-29,1989-09-26,7,20.5522
$NDX,1987-09-29,1989-09-26,8,14.1489
$NDX,1987-09-29,1989-09-26,9,18.106
$NDX,1987-09-29,1989-09-26,10,21.7769
$NDX,1989-09-26,1991-09-24,0,23.3407
$NDX,1989-09-26,1991-09-24,1,28.2037
$NDX,1989-09-26,1991-09-24,2,25.0033
$NDX,1989-09-26,1991-09-24,3,23.5834
$NDX,1989-09-26,1991-09-24,4,20.9198
$NDX,1989-09-26,1991-09-24,5,25.0596
$NDX,1989-09-26,1991-09-24,6,17.305
$NDX,1989-09-26,1991-09-24,7,31.2747
$NDX,1989-09-26,1991-09-24,8,25.0189
$NDX,1989-09-26,1991-09-24,9,24.4119
$NDX,1989-09-26,1991-09-24,10,19.3087
$NDX,1991-09-24,1993-09-21,0,27.9791
$NDX,1991-09-24,1993-09-21,1,25.0649
$NDX,1991-09-24,1993-09-21,2,26.7174
$NDX,1991-09-24,1993-09-21,3,18.833
$NDX,1991-09-24,1993-09-21,4,22.6715
$NDX,1991-09-24,1993-09-21,5,25.6359
$NDX,1991-09-24,1993-09-21,6,22.1697
$NDX,1991-09-24,1993-09-21,7,24.5476
$NDX,1991-09-24,1993-09-21,8,32.2167
$NDX,1991-09-24,1993-09-21,9,16.0078
$NDX,1991-09-24,1993-09-21,10,26.3876
$NDX,1993-09-21,1995-09-20,0,30.757
$NDX,1993-09-21,1995-09-20,1,29.8796
$NDX,1993-09-21,1995-09-20,2,23.0556
$NDX,1993-09-21,1995-09-20,3,18.677
$NDX,1993-09-21,1995-09-20,4,21.7151
$NDX,1993-09-21,1995-09-20,5,22.8525
$NDX,1993-09-21,1995-09-20,6,7.138
$NDX,1993-09-21,1995-09-20,7,31.1562
$NDX,1993-09-21,1995-09-20,8,27.2661
$NDX,1993-09-21,1995-09-20,9,24.1705
$NDX,1993-09-21,1995-09-20,10,26.3584
$NDX,1995-09-20,1997-09-17,0,17.2204
$NDX,1995-09-20,1997-09-17,1,20.1365
$NDX,1995-09-20,1997-09-17,2,24.5892
$NDX,1995-09-20,1997-09-17,3,18.9169
$NDX,1995-09-20,1997-09-17,4,28.3768
$NDX,1995-09-20,1997-09-17,5,20.5017
$NDX,1995-09-20,1997-09-17,6,20.8377
$NDX,1995-09-20,1997-09-17,7,29.3771
$NDX,1995-09-20,1997-09-17,8,29.6567
$NDX,1995-09-20,1997-09-17,9,24.3532
$NDX,1995-09-20,1997-09-17,10,22.5027
$NDX,1997-09-17,1999-09-17,0,24.2744
$NDX,1997-09-17,1999-09-17,1,27.2158
$NDX,1997-09-17,1999-09-17,2,22.2758
$NDX,1997-09-17,1999-09-17,3,21.576
$NDX,1997-09-17,1999-09-17,4,26.7688
$NDX,1997-09-17,1999-09-17,5,22.9394
$NDX,1997-09-17,1999-09-17,6,28.2655
$NDX,1997-09-17,1999-09-17,7,25.421
$NDX,1997-09-17,1999-09-17,8,21.2401
$NDX,1997-09-17,1999-09-17,9,27.363
$NDX,1997-09-17,1999-09-17,10,26.0024
$NDX,1999-09-17,2001-09-22,0,33.7099
$NDX,1999-09-17,2001-09-22,1,28.7158
$NDX,1999-09-17,2001-09-22,2,26.1163
$NDX,1999-09-17,2001-09-22,3,29.5862
$NDX,1999-09-17,2001-09-22,4,15.4185
$NDX,1999-09-17,2001-09-22,5,18.8994
$NDX,1999-09-17,2001-09-22,6,26.5128
$NDX,1999-09-17,2001-09-22,7,21.7591
$NDX,1999-09-17,2001-09-22,8,27.6945
$NDX,1999-09-17,2001-09-22,9,19.3181
$NDX,1999-09-17,2001-09-22,10,28.8016
$NDX,2001-09-24,2003-09-24,0,34.9707
$NDX,2001-09-24,2003-09-24,1,32.2457
$NDX,2001-09-24,2003-09-24,2,30.1307
$NDX,2001-09-24,2003-09-24,3,27.7767
$NDX,2001-09-24,2003-09-24,4,24.9543
$NDX,2001-09-24,2003-09-24,5,27.8077
$NDX,2001-09-24,2003-09-24,6,25.9891
$NDX,2001-09-24,2003-09-24,7,20.6916
$NDX,2001-09-24,2003-09-24,8,17.8748
$NDX,2001-09-24,2003-09-24,9,29.4348
$NDX,2001-09-24,2003-09-24,10,25.8193
$NDX,2003-09-24,2005-09-23,0,35.8956
$NDX,2003-09-24,2005-09-23,1,29.5479
$NDX,2003-09-24,2005-09-23,2,30.2151
$NDX,2003-09-24,2005-09-23,3,28.0566
$NDX,2003-09-24,2005-09-23,4,29.9519
$NDX,2003-09-24,2005-09-23,5,22.6602
$NDX,2003-09-24,2005-09-23,6,22.1584
$NDX,2003-09-24,2005-09-23,7,26.9791
$NDX,2003-09-24,2005-09-23,8,27.13
$NDX,2003-09-24,2005-09-23,9,18.4748
$NDX,2003-09-24,2005-09-23,10,27.9947
$NDX,2005-09-23,2007-09-26,0,35.1473
$NDX,2005-09-23,2007-09-26,1,27.9392
$NDX,2005-09-23,2007-09-26,2,28.2044
$NDX,2005-09-23,2007-09-26,3,19.7333
$NDX,2005-09-23,2007-09-26,4,19.63
$NDX,2005-09-23,2007-09-26,5,24.7009
$NDX,2005-09-23,2007-09-26,6,25.2072
$NDX,2005-09-23,2007-09-26,7,26.8728
$NDX,2005-09-23,2007-09-26,8,31.135
$NDX,2005-09-23,2007-09-26,9,27.419
$NDX,2005-09-23,2007-09-26,10,17.2045
$NDX,2007-09-26,2009-09-25,0,34.634
$NDX,2007-09-26,2009-09-25,1,29.5605
$NDX,2007-09-26,2009-09-25,2,20.3721
$NDX,2007-09-26,2009-09-25,3,28.2536
$NDX,2007-09-26,2009-09-25,4,29.6674
$NDX,2007-09-26,2009-09-25,5,19.2279
$NDX,2007-09-26,2009-09-25,6,25.7316
$NDX,2007-09-26,2009-09-25,7,22.1578
$NDX,2007-09-26,2009-09-25,8,18.6847
$NDX,2007-09-26,2009-09-25,9,22.7169
$NDX,2007-09-26,2009-09-25,10,22.4305
$NDX,2009-09-25,2011-09-24,0,28.3023
$NDX,2009-09-25,2011-09-24,1,31.3879
$NDX,2009-09-25,2011-09-24,2,30.752
$NDX,2009-09-25,2011-09-24,3,28.0823
$NDX,2009-09-25,2011-09-24,4,22.6745
$NDX,2009-09-25,2011-09-24,5,19.1773
$NDX,2009-09-25,2011-09-24,6,20.2782
$NDX,2009-09-25,2011-09-24,7,30.7053
$NDX,2009-09-25,2011-09-24,8,24.1486
$NDX,2009-09-25,2011-09-24,9,25.5998
$NDX,2009-09-25,2011-09-24,10,26.7813
$NDX,2011-09-26,2013-09-27,0,27.4643
$NDX,2011-09-26,2013-09-27,1,23.1474
$NDX,2011-09-26,2013-09-27,2,23.7188
$NDX,2011-09-26,2013-09-27,3,27.251
$NDX,2011-09-26,2013-09-27,4,29.4216
$NDX,2011-09-26,2013-09-27,5,24.5011
$NDX,2011-09-26,2013-09-27,6,31.9768
$NDX,2011-09-26,2013-09-27,7,22.0875
$NDX,2011-09-26,2013-09-27,8,24.343
$NDX,2011-09-26,2013-09-27,9,23.8223
$NDX,2011-09-26,2013-09-27,10,21.471
$NDX,2013-09-27,2015-09-29,0,25.4672
$NDX,2013-09-27,2015-09-29,1,19.3795
$NDX,2013-09-27,2015-09-29,2,26.1922
$NDX,2013-09-27,2015-09-29,3,12.3488
$NDX,2013-09-27,2015-09-29,4,28.5021
$NDX,2013-09-27,2015-09-29,5,27.8457
$NDX,2013-09-27,2015-09-29,6,20.8722
$NDX,2013-09-27,2015-09-29,7,28.6463
$NDX,2013-09-27,2015-09-29,8,24.7168
$NDX,2013-09-27,2015-09-29,9,26.2998
$NDX,2013-09-27,2015-09-29,10,26.2154
$NDX,2015-09-29,2017-09-28,0,32.2305
$NDX,2015-09-29,2017-09-28,1,23.0564
$NDX,2015-09-29,2017-09-28,2,23.156
$NDX,2015-09-29,2017-09-28,3,27.7837
$NDX,2015-09-29,2017-09-28,4,23.9092
$NDX,2015-09-29,2017-09-28,5,29.8163
$NDX,2015-09-29,2017-09-28,6,23.2151
$NDX,2015-09-29,2017-09-28,7,19.7391
$NDX,2015-09-29,2017-09-28,8,25.4217
$NDX,2015-09-29,2017-09-28,9,13.5522
$NDX,2015-09-29,2017-09-28,10,25.4965
$NDX,2017-09-28,2019-10-01,0,32.3062
$NDX,2017-09-28,2019-10-01,1,24.7625
$NDX,2017-09-28,2019-10-01,2,26.6652
$NDX,2017-09-28,2019-10-01,3,23.4027
$NDX,2017-09-28,2019-10-01,4,20.8416
$NDX,2017-09-28,2019-10-01,5,21.7773
$NDX,2017-09-28,2019-10-01,6,28.6709
$NDX,2017-09-28,2019-10-01,7,29.9079
$NDX,2017-09-28,2019-10-01,8,21.5119
$NDX,2017-09-28,2019-10-01,9,16.6566
$NDX,2017-09-28,2019-10-01,10,28.2377
$NDX,2019-10-01,2021-09-30,0,32.8932
$NDX,2019-10-01,2021-09-30,1,24.2923
$NDX,2019-10-01,2021-09-30,2,8.4087
$NDX,2019-10-01,2021-09-30,3,27.6189
$NDX,2019-10-01,2021-09-30,4,30.2044
$NDX,2019-10-01,2021-09-30,5,19.2915
$NDX,2019-10-01,2021-09-30,6,21.97
$NDX,2019-10-01,2021-09-30,7,27.386
$NDX,2019-10-01,2021-09-30,8,20.7489
$NDX,2019-10-01,2021-09-30,9,22.7351
$NDX,2019-10-01,2021-09-30,10,29.1902
$RUT,1998-07-13,2000-07-13,0,17.5233
$RUT,1998-07-13,2000-07-13,1,17.5824
$RUT,1998-07-13,2000-07-13,2,11.2689
$RUT,1998-07-13,2000-07-13,3,22.9897
$RUT,1998-07-13,2000-07-13,4,16.8476
$RUT,1998-07-13,2000-07-13,5,16.283
$RUT,1998-07-13,2000-07-13,6,19.0157
$RUT,1998-07-13,2000-07-13,7,21.4374
$RUT,1998-07-13,2000-07-13,8,21.7931
$RUT,1998-07-13,2000-07-13,9,17.7276
$RUT,1998-07-13,2000-07-13,10,23.656
$RUT,2000-07-13,2002-07-20,0,20.1216
$RUT,2000-07-13,2002-07-20,1,22.9207
$RUT,2000-07-13,2002-07-20,2,19.5444
$RUT,2000-07-13,2002-07-20,3,27.3636
$RUT,2000-07-13,2002-07-20,4,24.2247
$RUT,2000-07-13,2002-07-20,5,23.2068
$RUT,2000-07-13,2002-07-20,6,32.2143
$RUT,2000-07-13,2002-07-20,7,23.0015
$RUT,2000-07-13,2002-07-20,8,25.3174
$RUT,2000-07-13,2002-07-20,9,19.9588
$RUT,2000-07-13,2002-07-20,10,26.3355
$RUT,2002-07-22,2004-07-22,0,28.7936
$RUT,2002-07-22,2004-07-22,1,22.4643
$RUT,2002-07-22,2004-07-22,2,24.5313
$RUT,2002-07-22,2004-07-22,3,24.805
$RUT,2002-07-22,2004-07-22,4,31.8215
$RUT,2002-07-22,2004-07-22,5,31.8398
$RUT,2002-07-22,2004-07-22,6,21.9727
$RUT,2002-07-22,2004-07-22,7,24.1518
$RUT,2002-07-22,2004-07-22,8,25.6564
$RUT,2002-07-22,2004-07-22,9,16.1354
$RUT,2002-07-22,2004-07-22,10,18.4467
$RUT,2004-07-22,2006-07-21,0,28.1869
$RUT,2004-07-22,2006-07-21,1,27.0649
$RUT,2004-07-22,2006-07-21,2,21.7446
$RUT,2004-07-22,2006-07-21,3,23.271
$RUT,2004-07-22,2006-07-21,4,19.4609
$RUT,2004-07-22,2006-07-21,5,27.3435
$RUT,2004-07-22,2006-07-21,6,32.5272
$RUT,2004-07-22,2006-07-21,7,21.3793
$RUT,2004-07-22,2006-07-21,8,26.6427
$RUT,2004-07-22,2006-07-21,9,23.9219
$RUT,2004-07-22,2006-07-21,10,19.0614
$RUT,2006-07-21,2008-07-23,0,27.6955
$RUT,2006-07-21,2008-07-23,1,22.6898
$RUT,2006-07-21,2008-07-23,2,23.4732
$RUT,2006-07-21,2008-07-23,3,19.5969
$RUT,2006-07-21,2008-07-23,4,24.0939
$RUT,2006-07-21,2008-07-23,5,26.2512
$RUT,2006-07-21,2008-07-23,6,29.0843
$RUT,2006-07-21,2008-07-23,7,25.3147
$RUT,2006-07-21,2008-07-23,8,22.2158
$RUT,2006-07-21,2008-07-23,9,19.5346
$RUT,2006-07-21,2008-07-23,10,19.264
$RUT,2008-07-23,2010-07-23,0,29.6427
$RUT,2008-07-23,2010-07-23,1,22.928
$RUT,2008-07-23,2010-07-23,2,16.1048
$RUT,2008-07-23,2010-07-23,3,18.5289
$RUT,2008-07-23,2010-07-23,4,18.2623
$RUT,2008-07-23,2010-07-23,5,31.7245
$RUT,2008-07-23,2010-07-23,6,24.2268
$RUT,2008-07-23,2010-07-23,7,20.8646
$RUT,2008-07-23,2010-07-23,8,19.0817
$RUT,2008-07-23,2010-07-23,9,17.5983
$RUT,2008-07-23,2010-07-23,10,18.7291
$RUT,2010-07-23,2012-07-21,0,29.8702
$RUT,2010-07-23,2012-07-21,1,23.0145
$RUT,2010-07-23,2012-07-21,2,29.4383
$RUT,2010-07-23,2012-07-21,3,21.3641
$RUT,2010-07-23,2012-07-21,4,30.2688
$RUT,2010-07-23,2012-07-21,5,29.8402
$RUT,2010-07-23,2012-07-21,6,24.3814
$RUT,2010-07-23,2012-07-21,7,17.0047
$RUT,2010-07-23,2012-07-21,8,18.5621
$RUT,2010-07-23,2012-07-21,9,22.5166
$RUT,2010-07-23,2012-07-21,10,27.6884
$RUT,2012-07-23,2014-07-25,0,28.8658
$RUT,2012-07-23,2014-07-25,1,23.4901
$RUT,2012-07-23,2014-07-25,2,26.061
$RUT,2012-07-23,2014-07-25,3,23.2055
$RUT,2012-07-23,2014-07-25,4,25.2312
$RUT,2012-07-23,2014-07-25,5,27.2668
$RUT,2012-07-23,2014-07-25,6,18.8846
$RUT,2012-07-23,2014-07-25,7,24.3582
$RUT,2012-07-23,2014-07-25,8,27.0731
$RUT,2012-07-23,2014-07-25,9,18.2368
$RUT,2012-07-23,2014-07-25,10,25.1815
$RUT,2014-07-25,2016-07-28,0,31.3904
$RUT,2014-07-25,2016-07-28,1,22.5455
$RUT,2014-07-25,2016-07-28,2,19.7407
$RUT,2014-07-25,2016-07-28,3,26.8968
$RUT,2014-07-25,2016-07-28,4,29.0531
$RUT,2014-07-25,2016-07-28,5,26.9245
$RUT,2014-07-25,2016-07-28,6,20.4378
$RUT,2014-07-25,2016-07-28,7,25.4737
$RUT,2014-07-25,2016-07-28,8,18.6293
$RUT,2014-07-25,2016-07-28,9,29.375
$RUT,2014-07-25,2016-07-28,10,19.2347
$RUT,2016-07-28,2018-07-31,0,22.248
$RUT,2016-07-28,2018-07-31,1,33.1555
$RUT,2016-07-28,2018-07-31,2,23.4654
$RUT,2016-07-28,2018-07-31,3,22.541
$RUT,2016-07-28,2018-07-31,4,21.3345
$RUT,2016-07-28,2018-07-31,5,25.5062
$RUT,2016-07-28,2018-07-31,6,16.5411
$RUT,2016-07-28,2018-07-31,7,26.6912
$RUT,2016-07-28,2018-07-31,8,25.8156
$RUT,2016-07-28,2018-07-31,9,21.2376
$RUT,2016-07-28,2018-07-31,10,20.2122
$RUT,2018-07-31,2020-08-01,0,20.8318
$RUT,2018-07-31,2020-08-01,1,26.1082
$RUT,2018-07-31,2020-08-01,2,15.9624
$RUT,2018-07-31,2020-08-01,3,28.3714
$RUT,2018-07-31,2020-08-01,4,22.912
$RUT,2018-07-31,2020-08-01,5,22.9943
$RUT,2018-07-31,2020-08-01,6,11.0341
$RUT,2018-07-31,2020-08-01,7,21.5001
$RUT,2018-07-31,2020-08-01,8,17.4895
$RUT,2018-07-31,2020-08-01,9,20.6965
$RUT,2018-07-31,2020-08-01,10,21.2265
$RUT,2020-08-03,2022-08-03,0,29.8768
$RUT,2020-08-03,2022-08-03,1,27.0487
$RUT,2020-08-03,2022-08-03,2,21.2679
$RUT,2020-08-03,2022-08-03,3,32.166
$RUT,2020-08-03,2022-08-03,4,28.775
$RUT,2020-08-03,2022-08-03,5,28.064
$RUT,2020-08-03,2022-08-03,6,21.4133
$RUT,2020-08-03,2022-08-03,7,16.0743
$RUT,2020-08-03,2022-08-03,8,26.4801
$RUT,2020-08-03,2022-08-03,9,20.3919
$RUT,2020-08-03,2022-08-03,10,29.5393
$SPX,1930-01-02,1932-01-05,0,37.8055
$SPX,1930-01-02,1932-01-05,1,23.3258
$SPX,1930-01-02,1932-01-05,2,27.8435
$SPX,1930-01-02,1932-01-05,3,27.1388
$SPX,1930-01-02,1932-01-05,4,27.5812
$SPX,1930-01-02,1932-01-05,5,26.4713
$SPX,1930-01-02,1932-01-05,6,24.1758
$SPX,1930-01-02,1932-01-05,7,28.6507
$SPX,1930-01-02,1932-01-05,8,23.4445
$SPX,1930-01-02,1932-01-05,9,23.937
$SPX,1930-01-02,1932-01-05,10,21.1709
$SPX,1932-01-05,1934-01-19,0,37.9221
$SPX,1932-01-05,1934-01-19,1,28.1789
$SPX,1932-01-05,1934-01-19,2,21.9923
$SPX,1932-01-05,1934-01-19,3,27.2862
$SPX,1932-01-05,1934-01-19,4,25.3593
$SPX,1932-01-05,1934-01-19,5,24.9599
$SPX,1932-01-05,1934-01-19,6,25.1534
$SPX,1932-01-05,1934-01-19,7,26.0196
$SPX,1932-01-05,1934-01-19,8,28.1813
$SPX,1932-01-05,1934-01-19,9,22.837
$SPX,1932-01-05,1934-01-19,10,14.707
$SPX,1934-01-19,1936-01-29,0,40.6668
$SPX,1934-01-19,1936-01-29,1,24.2368
$SPX,1934-01-19,1936-01-29,2,34.5224
$SPX,1934-01-19,1936-01-29,3,29.3699
$SPX,1934-01-19,1936-01-29,4,21.491
$SPX,1934-01-19,1936-01-29,5,36.5223
$SPX,1934-01-19,1936-01-29,6,28.8698
$SPX,1934-01-19,1936-01-29,7,28.7522
$SPX,1934-01-19,1936-01-29,8,28.6309
$SPX,1934-01-19,1936-01-29,9,27.4442
$SPX,1934-01-19,1936-01-29,10,26.1733
$SPX,1936-01-29,1938-01-29,0,30.0099
$SPX,1936-01-29,1938-01-29,1,33.5419
$SPX,1936-01-29,1938-01-29,2,26.3093
$SPX,1936-01-29,1938-01-29,3,24.7095
$SPX,1936-01-29,1938-01-29,4,19.9586
$SPX,1936-01-29,1938-01-29,5,28.8587
$SPX,1936-01-29,1938-01-29,6,29.4382
$SPX,1936-01-29,1938-01-29,7,21.8875
$SPX,1936-01-29,1938-01-29,8,20.8726
$SPX,1936-01-29,1938-01-29,9,20.9531
$SPX,1936-01-29,1938-01-29,10,24.7634
$SPX,1938-01-31,1940-02-06,0,28.5292
$SPX,1938-01-31,1940-02-06,1,25.9704
$SPX,1938-01-31,1940-02-06,2,29.6534
$SPX,1938-01-31,1940-02-06,3,22.9413
$SPX,1938-01-31,1940-02-06,4,13.7437
$SPX,1938-01-31,1940-02-06,5,24.7982
$SPX,1938-01-31,1940-02-06,6,25.5603
$SPX,1938-01-31,1940-02-06,7,30.4965
$SPX,1938-01-31,1940-02-06,8,20.7647
$SPX,1938-01-31,1940-02-06,9,22.5008
$SPX,1938-01-31,1940-02-06,10,25.0061
$SPX,1940-02-06,1942-02-11,0,35.3676
$SPX,1940-02-06,1942-02-11,1,21.6603
$SPX,1940-02-06,1942-02-11,2,21.2146
$SPX,1940-02-06,1942-02-11,3,31.599
$SPX,1940-02-06,1942-02-11,4,29.3304
$SPX,1940-02-06,1942-02-11,5,26.0374
$SPX,1940-02-06,1942-02-11,6,30.3895
$SPX,1940-02-06,1942-02-11,7,26.3765
$SPX,1940-02-06,1942-02-11,8,23.5394
$SPX,1940-02-06,1942-02-11,9,25.7199
$SPX,1940-02-06,1942-02-11,10,24.9892
$SPX,1942-02-11,1944-02-15,0,23.7789
$SPX,1942-02-11,1944-02-15,1,30.9848
$SPX,1942-02-11,1944-02-15,2,26.0891
$SPX,1942-02-11,1944-02-15,3,22.0058
$SPX,1942-02-11,1944-02-15,4,25.7872
$SPX,1942-02-11,1944-02-15,5,7.9316
$SPX,1942-02-11,1944-02-15,6,26.8307
$SPX,1942-02-11,1944-02-15,7,17.0549
$SPX,1942-02-11,1944-02-15,8,29.9343
$SPX,1942-02-11,1944-02-15,9,20.6877
$SPX,1942-02-11,1944-02-15,10,16.1408
$SPX,1944-02-15,1946-02-27,0,32.2718
$SPX,1944-02-15,1946-02-27,1,23.8964
$SPX,1944-02-15,1946-02-27,2,26.8399
$SPX,1944-02-15,1946-02-27,3,28.7221
$SPX,1944-02-15,1946-02-27,4,18.1799
$SPX,1944-02-15,1946-02-27,5,13.9311
$SPX,1944-02-15,1946-02-27,6,31.5193
$SPX,1944-02-15,1946-02-27,7,27.7825
$SPX,1944-02-15,1946-02-27,8,25.2005
$SPX,1944-02-15,1946-02-27,9,23.7477
$SPX,1944-02-15,1946-02-27,10,25.2806
$SPX,1946-02-27,1948-03-04,0,29.8184
$SPX,1946-02-27,1948-03-04,1,34.4443
$SPX,1946-02-27,1948-03-04,2,31.1213
$SPX,1946-02-27,1948-03-04,3,28.479
$SPX,1946-02-27,1948-03-04,4,20.6045
$SPX,1946-02-27,1948-03-04,5,21.6415
$SPX,1946-02-27,1948-03-04,6,23.4234
$SPX,1946-02-27,1948-03-04,7,26.6137
$SPX,1946-02-27,1948-03-04,8,32.4676
$SPX,1946-02-27,1948-03-04,9,22.4266
$SPX,1946-02-27,1948-03-04,10,27.4818
$SPX,1948-03-04,1950-03-09,0,38.1163
$SPX,1948-03-04,1950-03-09,1,24.1346
$SPX,1948-03-04,1950-03-09,2,20.9576
$SPX,1948-03-04,1950-03-09,3,27.4775
$SPX,1948-03-04,1950-03-09,4,29.3697
$SPX,1948-03-04,1950-03-09,5,16.5393
$SPX,1948-03-04,1950-03-09,6,31.3624
$SPX,1948-03-04,1950-03-09,7,23.4823
$SPX,1948-03-04,1950-03-09,8,27.9406
$SPX,1948-03-04,1950-03-09,9,14.6647
$SPX,1948-03-04,1950-03-09,10,27.3068
$SPX,1950-03-09,1952-03-15,0,35.5867
$SPX,1950-03-09,1952-03-15,1,29.4258
$SPX,1950-03-09,1952-03-15,2,26.9529
$SPX,1950-03-09,1952-03-15,3,23.4074
$SPX,1950-03-09,1952-03-15,4,28.9919
$SPX,1950-03-09,1952-03-15,5,32.5998
$SPX,1950-03-09,1952-03-15,6,17.4917
$SPX,1950-03-09,1952-03-15,7,29.1697
$SPX,1950-03-09,1952-03-15,8,30.3644
$SPX,1950-03-09,1952-03-15,9,28.5417
$SPX,1950-03-09,1952-03-15,10,23.1797
$SPX,1952-03-17,1954-03-20,0,43.6912
$SPX,1952-03-17,1954-03-20,1,30.6022
$SPX,1952-03-17,1954-03-20,2,27.8422
$SPX,1952-03-17,1954-03-20,3,23.7953
$SPX,1952-03-17,1954-03-20,4,32.5582
$SPX,1952-03-17,1954-03-20,5,22.3744
$SPX,1952-03-17,1954-03-20,6,29.3945
$SPX,1952-03-17,1954-03-20,7,30.0747
$SPX,1952-03-17,1954-03-20,8,22.5165
$SPX,1952-03-17,1954-03-20,9,33.3958
$SPX,1952-03-17,1954-03-20,10,20.6496
$SPX,1954-03-22,1956-03-20,0,36.8272
$SPX,1954-03-22,1956-03-20,1,28.9573
$SPX,1954-03-22,1956-03-20,2,30.3114
$SPX,1954-03-22,1956-03-20,3,34.1454
$SPX,1954-03-22,1956-03-20,4,28.4927
$SPX,1954-03-22,1956-03-20,5,26.3893
$SPX,1954-03-22,1956-03-20,6,29.5994
$SPX,1954-03-22,1956-03-20,7,21.7708
$SPX,1954-03-22,1956-03-20,8,32.0457
$SPX,1954-03-22,1956-03-20,9,31.121
$SPX,1954-03-22,1956-03-20,10,26.885
$SPX,1956-03-20,1958-03-20,0,34.1221
$SPX,1956-03-20,1958-03-20,1,29.0756
$SPX,1956-03-20,1958-03-20,2,24.8843
$SPX,1956-03-20,1958-03-20,3,30.2708
$SPX,1956-03-20,1958-03-20,4,21.7377
$SPX,1956-03-20,1958-03-20,5,23.4157
$SPX,1956-03-20,1958-03-20,6,27.0028
$SPX,1956-03-20,1958-03-20,7,33.0174
$SPX,1956-03-20,1958-03-20,8,21.7916
$SPX,1956-03-20,1958-03-20,9,28.4288
$SPX,1956-03-20,1958-03-20,10,28.9628
$SPX,1958-03-20,1960-03-19,0,38.7995
$SPX,1958-03-20,1960-03-19,1,27.7951
$SPX,1958-03-20,1960-03-19,2,27.9857
$SPX,1958-03-20,1960-03-19,3,27.3126
$SPX,1958-03-20,1960-03-19,4,22.3884
$SPX,1958-03-20,1960-03-19,5,30.2175
$SPX,1958-03-20,1960-03-19,6,31.2665
$SPX,1958-03-20,1960-03-19,7,30.3389
$SPX,1958-03-20,1960-03-19,8,29.6911
$SPX,1958-03-20,1960-03-19,9,24.5139
$SPX,1958-03-20,1960-03-19,10,23.032
$SPX,1960-03-21,1962-03-22,0,37.8345
$SPX,1960-03-21,1962-03-22,1,32.1312
$SPX,1960-03-21,1962-03-22,2,35.589
$SPX,1960-03-21,1962-03-22,3,27.693
$SPX,1960-03-21,1962-03-22,4,33.3145
$SPX,1960-03-21,1962-03-22,5,16.1559
$SPX,1960-03-21,1962-03-22,6,36.249
$SPX,1960-03-21,1962-03-22,7,33.0507
$SPX,1960-03-21,1962-03-22,8,27.9621
$SPX,1960-03-21,1962-03-22,9,31.741
$SPX,1960-03-21,1962-03-22,10,30.3528
$SPX,1962-03-22,1964-03-24,0,31.9026
$SPX,1962-03-22,1964-03-24,1,23.88
$SPX,1962-03-22,1964-03-24,2,28.5793
$SPX,1962-03-22,1964-03-24,3,26.0289
$SPX,1962-03-22,1964-03-24,4,26.397
$SPX,1962-03-22,1964-03-24,5,24.1163
$SPX,1962-03-22,1964-03-24,6,31.8726
$SPX,1962-03-22,1964-03-24,7,28.5811
$SPX,1962-03-22,1964-03-24,8,29.2258
$SPX,1962-03-22,1964-03-24,9,22.2726
$SPX,1962-03-22,1964-03-24,10,25.201
$SPX,1964-03-24,1966-03-23,0,31.2442
$SPX,1964-03-24,1966-03-23,1,26.1054
$SPX,1964-03-24,1966-03-23,2,29.9068
$SPX,1964-03-24,1966-03-23,3,30.6517
$SPX,1964-03-24,1966-03-23,4,10.2235
$SPX,1964-03-24,1966-03-23,5,29.0079
$SPX,1964-03-24,1966-03-23,6,29.7136
$SPX,1964-03-24,1966-03-23,7,19.4015
$SPX,1964-03-24,1966-03-23,8,30.4383
$SPX,1964-03-24,1966-03-23,9,33.5144
$SPX,1964-03-24,1966-03-23,10,29.3053
$SPX,1966-03-23,1968-03-23,0,39.8444
$SPX,1966-03-23,1968-03-23,1,20.3751
$SPX,1966-03-23,1968-03-23,2,24.7423
$SPX,1966-03-23,1968-03-23,3,28.4142
$SPX,1966-03-23,1968-03-23,4,31.925
$SPX,1966-03-23,1968-03-23,5,27.8076
$SPX,1966-03-23,1968-03-23,6,30.7474
$SPX,1966-03-23,1968-03-23,7,23.4947
$SPX,1966-03-23,1968-03-23,8,24.5717
$SPX,1966-03-23,1968-03-23,9,24.7821
$SPX,1966-03-23,1968-03-23,10,25.0389
$SPX,1968-03-25,1970-05-05,0,36.2429
$SPX,1968-03-25,1970-05-05,1,26.1606
$SPX,1968-03-25,1970-05-05,2,27.7363
$SPX,1968-03-25,1970-05-05,3,36.9368
$SPX,1968-03-25,1970-05-05,4,24.0267
$SPX,1968-03-25,1970-05-05,5,28.5543
$SPX,1968-03-25,1970-05-05,6,33.7964
$SPX,1968-03-25,1970-05-05,7,28.0494
$SPX,1968-03-25,1970-05-05,8,31.8291
$SPX,1968-03-25,1970-05-05,9,29.7816
$SPX,1968-03-25,1970-05-05,10,33.675
$SPX,1970-05-05,1972-04-28,0,38.5359
$SPX,1970-05-05,1972-04-28,1,28.9214
$SPX,1970-05-05,1972-04-28,2,29.4784
$SPX,1970-05-05,1972-04-28,3,24.7973
$SPX,1970-05-05,1972-04-28,4,27.5379
$SPX,1970-05-05,1972-04-28,5,30.1431
$SPX,1970-05-05,1972-04-28,6,25.7737
$SPX,1970-05-05,1972-04-28,7,28.7749
$SPX,1970-05-05,1972-04-28,8,34.2931
$SPX,1970-05-05,1972-04-28,9,34.2825
$SPX,1970-05-05,1972-04-28,10,27.3032
$SPX,1972-04-28,1974-05-01,0,35.5784
$SPX,1972-04-28,1974-05-01,1,21.6971
$SPX,1972-04-28,1974-05-01,2,32.2356
$SPX,1972-04-28,1974-05-01,3,29.5825
$SPX,1972-04-28,1974-05-01,4,26.5951
$SPX,1972-04-28,1974-05-01,5,28.5447
$SPX,1972-04-28,1974-05-01,6,27.4457
$SPX,1972-04-28,1974-05-01,7,27.7269
$SPX,1972-04-28,1974-05-01,8,28.0007
$SPX,1972-04-28,1974-05-01,9,26.341
$SPX,1972-04-28,1974-05-01,10,26.8204
$SPX,1974-05-01,1976-04-28,0,38.0205
$SPX,1974-05-01,1976-04-28,1,26.9183
$SPX,1974-05-01,1976-04-28,2,22.9007
$SPX,1974-05-01,1976-04-28,3,31.5444
$SPX,1974-05-01,1976-04-28,4,20.7844
$SPX,1974-05-01,1976-04-28,5,26.173
$SPX,1974-05-01,1976-04-28,6,27.6051
$SPX,1974-05-01,1976-04-28,7,29.8973
$SPX,1974-05-01,1976-04-28,8,25.8252
$SPX,1974-05-01,1976-04-28,9,19.9991
$SPX,1974-05-01,1976-04-28,10,27.9826
$SPX,1976-04-28,1978-04-27,0,30.4294
$SPX,1976-04-28,1978-04-27,1,30.2211
$SPX,1976-04-28,1978-04-27,2,27.0973
$SPX,1976-04-28,1978-04-27,3,27.2722
$SPX,1976-04-28,1978-04-27,4,23.9812
$SPX,1976-04-28,1978-04-27,5,17.319
$SPX,1976-04-28,1978-04-27,6,27.285
$SPX,1976-04-28,1978-04-27,7,25.557
$SPX,1976-04-28,1978-04-27,8,18.731
$SPX,1976-04-28,1978-04-27,9,25.2278
$SPX,1976-04-28,1978-04-27,10,30.8065
$SPX,1978-04-27,1980-04-24,0,28.5879
$SPX,1978-04-27,1980-04-24,1,30.1541
$SPX,1978-04-27,1980-04-24,2,23.2898
$SPX,1978-04-27,1980-04-24,3,24.7697
$SPX,1978-04-27,1980-04-24,4,29.2859
$SPX,1978-04-27,1980-04-24,5,28.164
$SPX,1978-04-27,1980-04-24,6,27.3611
$SPX,1978-04-27,1980-04-24,7,30.0218
$SPX,1978-04-27,1980-04-24,8,28.3217
$SPX,1978-04-27,1980-04-24,9,29.8565
$SPX,1978-04-27,1980-04-24,10,19.7298
$SPX,1980-04-24,1982-04-23,0,36.486
$SPX,1980-04-24,1982-04-23,1,25.4429
$SPX,1980-04-24,1982-04-23,2,25.1331
$SPX,1980-04-24,1982-04-23,3,29.3391
$SPX,1980-04-24,1982-04-23,4,38.44
$SPX,1980-04-24,1982-04-23,5,27.6261
$SPX,1980-04-24,1982-04-23,6,19.9634
$SPX,1980-04-24,1982-04-23,7,30.9979
$SPX,1980-04-24,1982-04-23,8,33.4496
$SPX,1980-04-24,1982-04-23,9,29.0763
$SPX,1980-04-24,1982-04-23,10,31.1284
$SPX,1982-04-23,1984-04-18,0,25.9275
$SPX,1982-04-23,1984-04-18,1,29.2618
$SPX,1982-04-23,1984-04-18,2,21.0673
$SPX,1982-04-23,1984-04-18,3,16.5916
$SPX,1982-04-23,1984-04-18,4,22.9046
$SPX,1982-04-23,1984-04-18,5,21.6088
$SPX,1982-04-23,1984-04-18,6,29.9373
$SPX,1982-04-23,1984-04-18,7,27.798
$SPX,1982-04-23,1984-04-18,8,25.002
$SPX,1982-04-23,1984-04-18,9,33.7981
$SPX,1982-04-23,1984-04-18,10,27.8048
$SPX,1984-04-18,1986-04-18,0,33.9742
$SPX,1984-04-18,1986-04-18,1,25.0781
$SPX,1984-04-18,1986-04-18,2,22.8607
$SPX,1984-04-18,1986-04-18,3,20.5176
$SPX,1984-04-18,1986-04-18,4,25.4837
$SPX,1984-04-18,1986-04-18,5,21.7449
$SPX,1984-04-18,1986-04-18,6,24.7988
$SPX,1984-04-18,1986-04-18,7,18.7286
$SPX,1984-04-18,1986-04-18,8,19.3353
$SPX,1984-04-18,1986-04-18,9,25.6513
$SPX,1984-04-18,1986-04-18,10,31.6802
$SPX,1986-04-18,1988-04-15,0,24.1645
$SPX,1986-04-18,1988-04-15,1,15.7799
$SPX,1986-04-18,1988-04-15,2,10.8452
$SPX,1986-04-18,1988-04-15,3,20.0238
$SPX,1986-04-18,1988-04-15,4,23.0371
$SPX,1986-04-18,1988-04-15,5,18.5835
$SPX,1986-04-18,1988-04-15,6,22.7138
$SPX,1986-04-18,1988-04-15,7,19.47
$SPX,1986-04-18,1988-04-15,8,20.9218
$SPX,1986-04-18,1988-04-15,9,20.6634
$SPX,1986-04-18,1988-04-15,10,12.661
$SPX,1988-04-15,1990-04-12,0,28.9791
$SPX,1988-04-15,1990-04-12,1,27.5081
$SPX,1988-04-15,1990-04-12,2,17.1705
$SPX,1988-04-15,1990-04-12,3,23.5387
$SPX,1988-04-15,1990-04-12,4,25.2011
$SPX,1988-04-15,1990-04-12,5,23.3282
$SPX,1988-04-15,1990-04-12,6,23.5809
$SPX,1988-04-15,1990-04-12,7,17.2357
$SPX,1988-04-15,1990-04-12,8,21.5969
$SPX,1988-04-15,1990-04-12,9,19.3495
$SPX,1988-04-15,1990-04-12,10,22.5644
$SPX,1990-04-12,1992-04-09,0,24.7294
$SPX,1990-04-12,1992-04-09,1,24.0149
$SPX,1990-04-12,1992-04-09,2,25.3283
$SPX,1990-04-12,1992-04-09,3,27.2953
$SPX,1990-04-12,1992-04-09,4,27.7139
$SPX,1990-04-12,1992-04-09,5,22.2382
$SPX,1990-04-12,1992-04-09,6,17.4726
$SPX,1990-04-12,1992-04-09,7,26.5498
$SPX,1990-04-12,1992-04-09,8,24.9048
$SPX,1990-04-12,1992-04-09,9,22.9445
$SPX,1990-04-12,1992-04-09,10,21.1531
$SPX,1992-04-09,1994-04-07,0,21.432
$SPX,1992-04-09,1994-04-07,1,23.0271
$SPX,1992-04-09,1994-04-07,2,25.9779
$SPX,1992-04-09,1994-04-07,3,17.5063
$SPX,1992-04-09,1994-04-07,4,26.0507
$SPX,1992-04-09,1994-04-07,5,25.785
$SPX,1992-04-09,1994-04-07,6,18.0818
$SPX,1992-04-09,1994-04-07,7,28.7275
$SPX,1992-04-09,1994-04-07,8,26.4019
$SPX,1992-04-09,1994-04-07,9,19.5674
$SPX,1992-04-09,1994-04-07,10,27.5226
$SPX,1994-04-07,1996-04-04,0,27.4868
$SPX,1994-04-07,1996-04-04,1,25.2649
$SPX,1994-04-07,1996-04-04,2,31.9459
$SPX,1994-04-07,1996-04-04,3,24.9638
$SPX,1994-04-07,1996-04-04,4,28.1368
$SPX,1994-04-07,1996-04-04,5,25.7052
$SPX,1994-04-07,1996-04-04,6,25.4678
$SPX,1994-04-07,1996-04-04,7,28.2781
$SPX,1994-04-07,1996-04-04,8,29.7512
$SPX,1994-04-07,1996-04-04,9,20.6864
$SPX,1994-04-07,1996-04-04,10,30.1605
$SPX,1996-04-04,1998-04-03,0,23.2315
$SPX,1996-04-04,1998-04-03,1,27.0155
$SPX,1996-04-04,1998-04-03,2,26.2689
$SPX,1996-04-04,1998-04-03,3,26.3204
$SPX,1996-04-04,1998-04-03,4,24.6861
$SPX,1996-04-04,1998-04-03,5,27.9181
$SPX,1996-04-04,1998-04-03,6,23.0986
$SPX,1996-04-04,1998-04-03,7,29.071
$SPX,1996-04-04,1998-04-03,8,27.6173
$SPX,1996-04-04,1998-04-03,9,24.5278
$SPX,1996-04-04,1998-04-03,10,31.8833
$SPX,1998-04-03,2000-04-01,0,25.7972
$SPX,1998-04-03,2000-04-01,1,28.1687
$SPX,1998-04-03,2000-04-01,2,25.451
$SPX,1998-04-03,2000-04-01,3,27.1027
$SPX,1998-04-03,2000-04-01,4,14.1888
$SPX,1998-04-03,2000-04-01,5,20.9049
$SPX,1998-04-03,2000-04-01,6,23.8736
$SPX,1998-04-03,2000-04-01,7,29.4709
$SPX,1998-04-03,2000-04-01,8,21.2069
$SPX,1998-04-03,2000-04-01,9,25.3499
$SPX,1998-04-03,2000-04-01,10,23.8987
$SPX,2000-04-03,2002-04-10,0,21.4882
$SPX,2000-04-03,2002-04-10,1,24.4046
$SPX,2000-04-03,2002-04-10,2,20.5813
$SPX,2000-04-03,2002-04-10,3,20.2508
$SPX,2000-04-03,2002-04-10,4,19.7095
$SPX,2000-04-03,2002-04-10,5,26.8849
$SPX,2000-04-03,2002-04-10,6,21.2289
$SPX,2000-04-03,2002-04-10,7,24.6667
$SPX,2000-04-03,2002-04-10,8,26.5237
$SPX,2000-04-03,2002-04-10,9,24.8779
$SPX,2000-04-03,2002-04-10,10,19.7248
$SPX,2002-04-10,2004-04-08,0,31.7066
$SPX,2002-04-10,2004-04-08,1,20.5616
$SPX,2002-04-10,2004-04-08,2,23.553
$SPX,2002-04-10,2004-04-08,3,19.5705
$SPX,2002-04-10,2004-04-08,4,23.0093
$SPX,2002-04-10,2004-04-08,5,25.6612
$SPX,2002-04-10,2004-04-08,6,22.61
$SPX,2002-04-10,2004-04-08,7,26.5499
$SPX,2002-04-10,2004-04-08,8,26.9626
$SPX,2002-04-10,2004-04-08,9,28.7779
$SPX,2002-04-10,2004-04-08,10,30.7344
$SPX,2004-04-08,2006-04-08,0,32.0228
$SPX,2004-04-08,2006-04-08,1,19.1015
$SPX,2004-04-08,2006-04-08,2,24.5394
$SPX,2004-04-08,2006-04-08,3,30.2278
$SPX,2004-04-08,2006-04-08,4,24.3441
$SPX,2004-04-08,2006-04-08,5,23.6819
$SPX,2004-04-08,2006-04-08,6,5.891
$SPX,2004-04-08,2006-04-08,7,24.2385
$SPX,2004-04-08,2006-04-08,8,24.3706
$SPX,2004-04-08,2006-04-08,9,30.8068
$SPX,2004-04-08,2006-04-08,10,26.3279
$SPX,2006-04-10,2008-04-11,0,28.0788
$SPX,2006-04-10,2008-04-11,1,22.1091
$SPX,2006-04-10,2008-04-11,2,26.479
$SPX,2006-04-10,2008-04-11,3,13.5816
$SPX,2006-04-10,2008-04-11,4,21.6831
$SPX,2006-04-10,2008-04-11,5,17.6279
$SPX,2006-04-10,2008-04-11,6,26.017
$SPX,2006-04-10,2008-04-11,7,26.1356
$SPX,2006-04-10,2008-04-11,8,24.3138
$SPX,2006-04-10,2008-04-11,9,23.7614
$SPX,2006-04-10,2008-04-11,10,16.6865
$SPX,2008-04-11,2010-04-13,0,32.4308
$SPX,2008-04-11,2010-04-13,1,18.2953
$SPX,2008-04-11,2010-04-13,2,17.3247
$SPX,2008-04-11,2010-04-13,3,13.1483
$SPX,2008-04-11,2010-04-13,4,23.7181
$SPX,2008-04-11,2010-04-13,5,26.2643
$SPX,2008-04-11,2010-04-13,6,18.2992
$SPX,2008-04-11,2010-04-13,7,18.5998
$SPX,2008-04-11,2010-04-13,8,18.4308
$SPX,2008-04-11,2010-04-13,9,28.2466
$SPX,2008-04-11,2010-04-13,10,17.6159
$SPX,2010-04-13,2012-04-11,0,26.0802
$SPX,2010-04-13,2012-04-11,1,17.7528
$SPX,2010-04-13,2012-04-11,2,21.9933
$SPX,2010-04-13,2012-04-11,3,28.5773
$SPX,2010-04-13,2012-04-11,4,29.6266
$SPX,2010-04-13,2012-04-11,5,25.7225
$SPX,2010-04-13,2012-04-11,6,23.0638
$SPX,2010-04-13,2012-04-11,7,27.6509
$SPX,2010-04-13,2012-04-11,8,22.9625
$SPX,2010-04-13,2012-04-11,9,26.5352
$SPX,2010-04-13,2012-04-11,10,24.2812
$SPX,2012-04-11,2014-04-12,0,28.1054
$SPX,2012-04-11,2014-04-12,1,28.6373
$SPX,2012-04-11,2014-04-12,2,30.565
$SPX,2012-04-11,2014-04-12,3,26.0741
$SPX,2012-04-11,2014-04-12,4,24.3263
$SPX,2012-04-11,2014-04-12,5,28.4535
$SPX,2012-04-11,2014-04-12,6,19.0362
$SPX,2012-04-11,2014-04-12,7,22.1117
$SPX,2012-04-11,2014-04-12,8,27.8359
$SPX,2012-04-11,2014-04-12,9,16.4905
$SPX,2012-04-11,2014-04-12,10,24.7441
$SPX,2014-04-14,2016-04-14,0,26.1167
$SPX,2014-04-14,2016-04-14,1,25.4874
$SPX,2014-04-14,2016-04-14,2,15.8862
$SPX,2014-04-14,2016-04-14,3,15.864
$SPX,2014-04-14,2016-04-14,4,21.7928
$SPX,2014-04-14,2016-04-14,5,28.1096
$SPX,2014-04-14,2016-04-14,6,19.7859
$SPX,2014-04-14,2016-04-14,7,23.4947
$SPX,2014-04-14,2016-04-14,8,32.653
$SPX,2014-04-14,2016-04-14,9,18.6267
$SPX,2014-04-14,2016-04-14,10,24.7558
$SPX,2016-04-14,2018-04-14,0,27.8743
$SPX,2016-04-14,2018-04-14,1,25.8861
$SPX,2016-04-14,2018-04-14,2,23.6029
$SPX,2016-04-14,2018-04-14,3,20.8328
$SPX,2016-04-14,2018-04-14,4,19.6385
$SPX,2016-04-14,2018-04-14,5,23.4423
$SPX,2016-04-14,2018-04-14,6,26.2691
$SPX,2016-04-14,2018-04-14,7,22.3424
$SPX,2016-04-14,2018-04-14,8,20.3341
$SPX,2016-04-14,2018-04-14,9,27.5548
$SPX,2016-04-14,2018-04-14,10,22.2351
$SPX,2018-04-16,2020-04-16,0,42.846
$SPX,2018-04-16,2020-04-16,1,21.5191
$SPX,2018-04-16,2020-04-16,2,15.5792
$SPX,2018-04-16,2020-04-16,3,23.3546
$SPX,2018-04-16,2020-04-16,4,20.6477
$SPX,2018-04-16,2020-04-16,5,22.4792
$SPX,2018-04-16,2020-04-16,6,25.5839
$SPX,2018-04-16,2020-04-16,7,25.1761
$SPX,2018-04-16,2020-04-16,8,19.7641
$SPX,2018-04-16,2020-04-16,9,22.2417
$SPX,2018-04-16,2020-04-16,10,24.3596
$SPX,2020-04-16,2022-04-14,0,32.5431
$SPX,2020-04-16,2022-04-14,1,19.9237
$SPX,2020-04-16,2022-04-14,2,27.3165
$SPX,2020-04-16,2022-04-14,3,26.9316
$SPX,2020-04-16,2022-04-14,4,13.129
$SPX,2020-04-16,2022-04-14,5,18.5512
$SPX,2020-04-16,2022-04-14,6,27.6026
$SPX,2020-04-16,2022-04-14,7,16.9043
$SPX,2020-04-16,2022-04-14,8,31.178
$SPX,2020-04-16,2022-04-14,9,28.6166
$SPX,2020-04-16,2022-04-14,10,28.9639
GOLDS_DAILY,1992-08-18,1994-07-30,0,31.0036
GOLDS_DAILY,1992-08-18,1994-07-30,1,23.1177
GOLDS_DAILY,1992-08-18,1994-07-30,2,27.3599
GOLDS_DAILY,1992-08-18,1994-07-30,3,19.5407
GOLDS_DAILY,1992-08-18,1994-07-30,4,23.8207
GOLDS_DAILY,1992-08-18,1994-07-30,5,28.1644
GOLDS_DAILY,1992-08-18,1994-07-30,6,18.9515
GOLDS_DAILY,1992-08-18,1994-07-30,7,11.6131
GOLDS_DAILY,1992-08-18,1994-07-30,8,22.956
GOLDS_DAILY,1992-08-18,1994-07-30,9,17.4324
GOLDS_DAILY,1992-08-18,1994-07-30,10,27.8058
GOLDS_DAILY,1994-08-01,1996-07-06,0,33.1679
GOLDS_DAILY,1994-08-01,1996-07-06,1,24.9673
GOLDS_DAILY,1994-08-01,1996-07-06,2,25.4696
GOLDS_DAILY,1994-08-01,1996-07-06,3,25.9621
GOLDS_DAILY,1994-08-01,1996-07-06,4,21.8265
GOLDS_DAILY,1994-08-01,1996-07-06,5,17.3025
GOLDS_DAILY,1994-08-01,1996-07-06,6,18.6865
GOLDS_DAILY,1994-08-01,1996-07-06,7,24.9476
GOLDS_DAILY,1994-08-01,1996-07-06,8,22.3494
GOLDS_DAILY,1994-08-01,1996-07-06,9,28.3829
GOLDS_DAILY,1994-08-01,1996-07-06,10,26.9553
GOLDS_DAILY,1996-07-08,1998-06-12,0,30.761
GOLDS_DAILY,1996-07-08,1998-06-12,1,25.8927
GOLDS_DAILY,1996-07-08,1998-06-12,2,22.3826
GOLDS_DAILY,1996-07-08,1998-06-12,3,25.9978
GOLDS_DAILY,1996-07-08,1998-06-12,4,17.3659
GOLDS_DAILY,1996-07-08,1998-06-12,5,21.704
GOLDS_DAILY,1996-07-08,1998-06-12,6,30.7874
GOLDS_DAILY,1996-07-08,1998-06-12,7,16.8521
GOLDS_DAILY,1996-07-08,1998-06-12,8,16.6965
GOLDS_DAILY,1996-07-08,1998-06-12,9,25.5781
GOLDS_DAILY,1996-07-08,1998-06-12,10,27.7453
GOLDS_DAILY,1998-06-12,2000-05-19,0,25.9145
GOLDS_DAILY,1998-06-12,2000-05-19,1,16.772
GOLDS_DAILY,1998-06-12,2000-05-19,2,10.8541
GOLDS_DAILY,1998-06-12,2000-05-19,3,18.6159
GOLDS_DAILY,1998-06-12,2000-05-19,4,29.2373
GOLDS_DAILY,1998-06-12,2000-05-19,5,20.0244
GOLDS_DAILY,1998-06-12,2000-05-19,6,22.1377
GOLDS_DAILY,1998-06-12,2000-05-19,7,26.0198
GOLDS_DAILY,1998-06-12,2000-05-19,8,13.8805
GOLDS_DAILY,1998-06-12,2000-05-19,9,23.4812
GOLDS_DAILY,1998-06-12,2000-05-19,10,27.8543
GOLDS_DAILY,2000-05-19,2002-04-25,0,22.0626
GOLDS_DAILY,2000-05-19,2002-04-25,1,27.881
GOLDS_DAILY,2000-05-19,2002-04-25,2,22.6578
GOLDS_DAILY,2000-05-19,2002-04-25,3,23.825
GOLDS_DAILY,2000-05-19,2002-04-25,4,19.0071
GOLDS_DAILY,2000-05-19,2002-04-25,5,16.0316
GOLDS_DAILY,2000-05-19,2002-04-25,6,22.764
GOLDS_DAILY,2000-05-19,2002-04-25,7,29.7257
GOLDS_DAILY,2000-05-19,2002-04-25,8,23.9011
GOLDS_DAILY,2000-05-19,2002-04-25,9,27.6716
GOLDS_DAILY,2000-05-19,2002-04-25,10,23.9917
GOLDS_DAILY,2002-04-25,2004-03-31,0,36.8667
GOLDS_DAILY,2002-04-25,2004-03-31,1,37.5854
GOLDS_DAILY,2002-04-25,2004-03-31,2,27.6108
GOLDS_DAILY,2002-04-25,2004-03-31,3,28.536
GOLDS_DAILY,2002-04-25,2004-03-31,4,24.528
GOLDS_DAILY,2002-04-25,2004-03-31,5,28.6564
GOLDS_DAILY,2002-04-25,2004-03-31,6,28.2747
GOLDS_DAILY,2002-04-25,2004-03-31,7,24.3136
GOLDS_DAILY,2002-04-25,2004-03-31,8,24.5469
GOLDS_DAILY,2002-04-25,2004-03-31,9,24.9988
GOLDS_DAILY,2002-04-25,2004-03-31,10,26.3482
GOLDS_DAILY,2004-03-31,2006-03-07,0,33.0926
GOLDS_DAILY,2004-03-31,2006-03-07,1,22.9646
GOLDS_DAILY,2004-03-31,2006-03-07,2,15.4761
GOLDS_DAILY,2004-03-31,2006-03-07,3,26.1233
GOLDS_DAILY,2004-03-31,2006-03-07,4,27.0705
GOLDS_DAILY,2004-03-31,2006-03-07,5,24.2799
GOLDS_DAILY,2004-03-31,2006-03-07,6,13.6558
GOLDS_DAILY,2004-03-31,2006-03-07,7,26.8097
GOLDS_DAILY,2004-03-31,2006-03-07,8,21.1284
GOLDS_DAILY,2004-03-31,2006-03-07,9,27.6263
GOLDS_DAILY,2004-03-31,2006-03-07,10,24.5302
GOLDS_DAILY,2006-03-07,2008-02-09,0,36.0562
GOLDS_DAILY,2006-03-07,2008-02-09,1,21.2723
GOLDS_DAILY,2006-03-07,2008-02-09,2,23.2758
GOLDS_DAILY,2006-03-07,2008-02-09,3,19.8534
GOLDS_DAILY,2006-03-07,2008-02-09,4,20.2543
GOLDS_DAILY,2006-03-07,2008-02-09,5,13.7989
GOLDS_DAILY,2006-03-07,2008-02-09,6,25.8907
GOLDS_DAILY,2006-03-07,2008-02-09,7,30.9642
GOLDS_DAILY,2006-03-07,2008-02-09,8,22.4978
GOLDS_DAILY,2006-03-07,2008-02-09,9,27.9837
GOLDS_DAILY,2006-03-07,2008-02-09,10,23.4841
GOLDS_DAILY,2008-02-11,2010-01-15,0,39.6999
GOLDS_DAILY,2008-02-11,2010-01-15,1,20.1594
GOLDS_DAILY,2008-02-11,2010-01-15,2,22.3425
GOLDS_DAILY,2008-02-11,2010-01-15,3,22.8532
GOLDS_DAILY,2008-02-11,2010-01-15,4,26.6232
GOLDS_DAILY,2008-02-11,2010-01-15,5,17.4289
GOLDS_DAILY,2008-02-11,2010-01-15,6,17.6769
GOLDS_DAILY,2008-02-11,2010-01-15,7,17.2172
GOLDS_DAILY,2008-02-11,2010-01-15,8,25.5016
GOLDS_DAILY,2008-02-11,2010-01-15,9,26.2927
GOLDS_DAILY,2008-02-11,2010-01-15,10,23.1423
GOLDS_DAILY,2010-01-15,2011-12-22,0,34.4478
GOLDS_DAILY,2010-01-15,2011-12-22,1,25.4495
GOLDS_DAILY,2010-01-15,2011-12-22,2,15.6435
GOLDS_DAILY,2010-01-15,2011-12-22,3,29.3219
GOLDS_DAILY,2010-01-15,2011-12-22,4,25.1623
GOLDS_DAILY,2010-01-15,2011-12-22,5,24.6076
GOLDS_DAILY,2010-01-15,2011-12-22,6,20.3007
GOLDS_DAILY,2010-01-15,2011-12-22,7,20.9341
GOLDS_DAILY,2010-01-15,2011-12-22,8,26.3403
GOLDS_DAILY,2010-01-15,2011-12-22,9,20.8358
GOLDS_DAILY,2010-01-15,2011-12-22,10,25.0555
GOLDS_DAILY,2011-12-22,2013-11-27,0,31.9424
GOLDS_DAILY,2011-12-22,2013-11-27,1,13.5466
GOLDS_DAILY,2011-12-22,2013-11-27,2,22.5563
GOLDS_DAILY,2011-12-22,2013-11-27,3,21.0343
GOLDS_DAILY,2011-12-22,2013-11-27,4,16.9116
GOLDS_DAILY,2011-12-22,2013-11-27,5,23.7543
GOLDS_DAILY,2011-12-22,2013-11-27,6,21.982
GOLDS_DAILY,2011-12-22,2013-11-27,7,29.5596
GOLDS_DAILY,2011-12-22,2013-11-27,8,24.1848
GOLDS_DAILY,2011-12-22,2013-11-27,9,21.7964
GOLDS_DAILY,2011-12-22,2013-11-27,10,11.5241
GOLDS_DAILY,2013-11-27,2015-11-03,0,34.1411
GOLDS_DAILY,2013-11-27,2015-11-03,1,23.6309
GOLDS_DAILY,2013-11-27,2015-11-03,2,29.0096
GOLDS_DAILY,2013-11-27,2015-11-03,3,29.5561
GOLDS_DAILY,2013-11-27,2015-11-03,4,21.8642
GOLDS_DAILY,2013-11-27,2015-11-03,5,29.285
GOLDS_DAILY,2013-11-27,2015-11-03,6,30.2738
GOLDS_DAILY,2013-11-27,2015-11-03,7,25.6627
GOLDS_DAILY,2013-11-27,2015-11-03,8,17.4019
GOLDS_DAILY,2013-11-27,2015-11-03,9,25.3944
GOLDS_DAILY,2013-11-27,2015-11-03,10,22.8394
GOLDS_DAILY,2015-11-03,2017-10-13,0,27.6751
GOLDS_DAILY,2015-11-03,2017-10-13,1,27.5431
GOLDS_DAILY,2015-11-03,2017-10-13,2,24.4903
GOLDS_DAILY,2015-11-03,2017-10-13,3,27.8575
GOLDS_DAILY,2015-11-03,2017-10-13,4,29.3079
GOLDS_DAILY,2015-11-03,2017-10-13,5,13.5016
GOLDS_DAILY,2015-11-03,2017-10-13,6,26.1038
GOLDS_DAILY,2015-11-03,2017-10-13,7,22.4142
GOLDS_DAILY,2015-11-03,2017-10-13,8,25.3664
GOLDS_DAILY,2015-11-03,2017-10-13,9,31.3452
GOLDS_DAILY,2015-11-03,2017-10-13,10,22.3013
GOLDS_DAILY,2017-10-13,2019-09-21,0,33.2116
GOLDS_DAILY,2017-10-13,2019-09-21,1,18.7301
GOLDS_DAILY,2017-10-13,2019-09-21,2,31.0815
GOLDS_DAILY,2017-10-13,2019-09-21,3,26.0141
GOLDS_DAILY,2017-10-13,2019-09-21,4,19.7156
GOLDS_DAILY,2017-10-13,2019-09-21,5,21.2923
GOLDS_DAILY,2017-10-13,2019-09-21,6,22.7074
GOLDS_DAILY,2017-10-13,2019-09-21,7,28.0072
GOLDS_DAILY,2017-10-13,2019-09-21,8,15.5159
GOLDS_DAILY,2017-10-13,2019-09-21,9,23.3446
GOLDS_DAILY,2017-10-13,2019-09-21,10,26.3074
GOLDS_DAILY,2019-09-23,2021-08-28,0,23.915
GOLDS_DAILY,2019-09-23,2021-08-28,1,25.0014
GOLDS_DAILY,2019-09-23,2021-08-28,2,22.2554
GOLDS_DAILY,2019-09-23,2021-08-28,3,26.2546
GOLDS_DAILY,2019-09-23,2021-08-28,4,25.9823
GOLDS_DAILY,2019-09-23,2021-08-28,5,25.7737
GOLDS_DAILY,2019-09-23,2021-08-28,6,23.38
GOLDS_DAILY,2019-09-23,2021-08-28,7,30.3066
GOLDS_DAILY,2019-09-23,2021-08-28,8,25.1048
GOLDS_DAILY,2019-09-23,2021-08-28,9,19.1267
GOLDS_DAILY,2019-09-23,2021-08-28,10,21.4615
